jaccard_similarity,candidate_probability
0.0,0.0
0.001,0.0
0.002,0.0
0.003,0.0
0.004,0.0
0.005,0.0
0.006,0.0
0.007,0.0
0.008,0.0
0.009000000000000001,0.0
0.01,3.552713678800501e-15
0.011,7.105427357601002e-15
0.012,1.4210854715202004e-14
0.013000000000000001,2.4868995751603507e-14
0.014,4.618527782440651e-14
0.015,8.171241461241152e-14
0.016,1.3855583347321954e-13
0.017,2.2382096176443156e-13
0.018000000000000002,3.517186542012496e-13
0.019,5.435651928564766e-13
0.02,8.206768598029157e-13
0.021,1.2114753644709708e-12
0.022,1.7550405573274475e-12
0.023,2.504663143554353e-12
0.024,3.5207392556912964e-12
0.025,4.881428594671888e-12
0.026000000000000002,6.682654429823742e-12
0.027,9.038103598868474e-12
0.028,1.2089884648958105e-11
0.029,1.6008527836675057e-11
0.03,2.099653784171096e-11
0.031,2.7291946480545448e-11
0.032,3.518607627484016e-11
0.033,4.5005776883044746e-11
0.034,5.714539952350606e-11
0.035,7.205969154711056e-11
0.036000000000000004,9.027445457832073e-11
0.037,1.1240075536989025e-10
0.038,1.3912782037550642e-10
0.039,1.7126566831393575e-10
0.04,2.0971668845959357e-10
0.041,2.5551827320668963e-10
0.042,3.098463707829069e-10
0.043000000000000003,3.7402259067675914e-10
0.044,4.495426253470214e-10
0.045,5.380833556500875e-10
0.046,6.415241671220429e-10
0.047,7.619611608333798e-10
0.048,9.017355750984279e-10
0.049,1.0634551017574267e-09
0.05,1.2500009916038834e-09
0.051000000000000004,1.4645742396623973e-09
0.052000000000000005,1.7107097960433748e-09
0.053,1.992308540366139e-09
0.054,2.3136621507546806e-09
0.055,2.679485078260768e-09
0.056,3.094953626714414e-09
0.057,3.5657343744333048e-09
0.058,4.09801970135959e-09
0.059000000000000004,4.698573974337705e-09
0.06,5.374772626964841e-09
0.061,6.13463413401405e-09
0.062,6.9868839602804655e-09
0.063,7.940986535004413e-09
0.064,9.007198542576589e-09
0.065,1.0196632871384281e-08
0.066,1.1521297582639534e-08
0.067,1.2994163856028251e-08
0.068,1.4629222166995248e-08
0.069,1.6441546679679675e-08
0.07,1.8447362637452613e-08
0.07100000000000001,2.066411375345467e-08
0.07200000000000001,2.311053370895877e-08
0.073,2.5806723535914955e-08
0.074,2.8774230553807456e-08
0.075,3.203613330171606e-08
0.076,3.5617112148500496e-08
0.077,3.954356053714747e-08
0.078,4.384365848153493e-08
0.079,4.854747959193162e-08
0.08,5.368709066200239e-08
0.081,5.929664415038616e-08
0.082,6.541250530123222e-08
0.083,7.207334917769259e-08
0.084,7.932028067703101e-08
0.085,8.7196965981029e-08
0.08600000000000001,9.574973258708042e-08
0.08700000000000001,1.050277287362178e-07
0.088,1.1508304065266373e-07
0.089,1.2597083498544492e-07
0.09,1.377494968091142e-07
0.091,1.5048079726742714e-07
0.092,1.6423002802135045e-07
0.093,1.7906616500695804e-07
0.094,1.950620422963567e-07
0.095,2.1229451563353763e-07
0.096,2.3084464029210494e-07
0.097,2.507978444921122e-07
0.098,2.7224413268189807e-07
0.099,2.952782591769676e-07
0.1,3.1999995198095377e-07
0.101,3.465140872016548e-07
0.10200000000000001,3.749309337441886e-07
0.10300000000000001,4.053663452685541e-07
0.10400000000000001,4.379420021072278e-07
0.105,4.72785634753059e-07
0.106,5.100312582273503e-07
0.107,5.498194318720451e-07
0.108,5.92297496937455e-07
0.109,6.376198469215666e-07
0.11,6.859481901377862e-07
0.111,7.374518234959382e-07
0.112,7.923079131666455e-07
0.113,8.507017928982563e-07
0.114,9.128272516756297e-07
0.115,9.788868501336978e-07
0.116,1.0490922333072916e-06
0.117,1.123664435609406e-06
0.11800000000000001,1.2028342437631068e-06
0.11900000000000001,1.286842508885222e-06
0.12,1.375940509529272e-06
0.121,1.4703903098434168e-06
0.122,1.5704651117331991e-06
0.123,1.676449659315793e-06
0.124,1.788640594968527e-06
0.125,1.9073468706665153e-06
0.126,2.0328901497723706e-06
0.127,2.1656052225926814e-06
0.128,2.305840432703654e-06
0.129,2.453958106829468e-06
0.13,2.61033500592589e-06
0.131,2.7753627798166036e-06
0.132,2.949448432820745e-06
0.133,3.1330148030361826e-06
0.134,3.3265010561667196e-06
0.135,3.5303631688021753e-06
0.136,3.7450744647671286e-06
0.137,3.971126119273194e-06
0.138,4.209027702817281e-06
0.139,4.459307717086247e-06
0.14,4.722514178268078e-06
0.14100000000000001,4.999215152290404e-06
0.14200000000000002,5.289999374213927e-06
0.14300000000000002,5.595476818887057e-06
0.14400000000000002,5.916279330553387e-06
0.145,6.2530612225941695e-06
0.146,6.606499931338661e-06
0.147,6.97729665899427e-06
0.148,7.3661770304545016e-06
0.149,7.773891775642028e-06
0.15,8.20121742162172e-06
0.151,8.648956985823908e-06
0.152,9.117940710345884e-06
0.153,9.609026773382823e-06
0.154,1.0123102062276068e-05
0.155,1.0661082913254738e-05
0.156,1.1223915902802695e-05
0.157,1.1812578636027915e-05
0.158,1.2428080556570187e-05
0.159,1.3071463759950497e-05
0.16,1.3743803852550585e-05
0.161,1.4446210793495062e-05
0.162,1.5179829771394537e-05
0.163,1.5945842096076746e-05
0.164,1.6745466089540528e-05
0.165,1.7579958026647802e-05
0.166,1.8450613069598276e-05
0.167,1.935876621506072e-05
0.168,2.030579327816362e-05
0.169,2.129311187559768e-05
0.17,2.2322182452017003e-05
0.171,2.3394509291119192e-05
0.17200000000000001,2.4511641563251807e-05
0.17300000000000001,2.567517439733269e-05
0.17400000000000002,2.688674997430862e-05
0.17500000000000002,2.8148058598520542e-05
0.176,2.9460839855111054e-05
0.177,3.082688372813003e-05
0.178,3.224803176771207e-05
0.179,3.372617827879232e-05
0.18,3.52632715107104e-05
0.181,3.686131488722655e-05
0.182,3.8522368245863525e-05
0.183,4.0248549096899566e-05
0.184,4.204203391444672e-05
0.185,4.3905059439186545e-05
0.186,4.583992400064574e-05
0.187,4.7848988869003684e-05
0.188,4.9934679631213896e-05
0.189,5.209948756668137e-05
0.19,5.43459710875549e-05
0.191,5.6676757145934786e-05
0.192,5.909454272667869e-05
0.193,6.160209630468039e-05
0.194,6.420225936187851e-05
0.195,6.689794791892023e-05
0.196,6.96921540940254e-05
0.197,7.258794766640264e-05
0.198,7.558847769528754e-05
0.199,7.869697413587229e-05
0.2,8.191674949709071e-05
0.201,8.525120051761093e-05
0.202,8.87038098651427e-05
0.203,9.227814786560984e-05
0.20400000000000001,9.597787426940396e-05
0.20500000000000002,9.980674000087397e-05
0.20600000000000002,0.00010376858899907582
0.20700000000000002,0.00010786736002976749
0.20800000000000002,0.00011210708853648388
0.209,0.00011649190855533842
0.21,0.00012102605460340143
0.211,0.0001257138636249211
0.212,0.00013055977697162824
0.213,0.00013556834237982152
0.214,0.00014074421601317777
0.215,0.0001460921645031199
0.216,0.00015161706703337163
0.217,0.0001573239174641472
0.218,0.00016321782644779237
0.219,0.00016930402361869934
0.22,0.00017558785978299962
0.221,0.00018207480914911311
0.222,0.00018877047159804317
0.223,0.00019568057494467883
0.224,0.00020281097729468733
0.225,0.00021016766936865494
0.226,0.0002177567768997246
0.227,0.00022558456303778396
0.228,0.00023365743080183687
0.229,0.00024198192556068587
0.23,0.0002505647375330433
0.231,0.00025941270434048924
0.232,0.0002685328135761944
0.233,0.0002779322054130562
0.234,0.0002876181752479168
0.23500000000000001,0.0002975981763774227
0.23600000000000002,0.0003078798227049706
0.23700000000000002,0.00031847089148040464
0.23800000000000002,0.00032937932607501885
0.23900000000000002,0.000340613238807852
0.24,0.00035218091376654215
0.241,0.0003640908097122253
0.242,0.0003763515629756631
0.243,0.0003889719904220934
0.244,0.00040196109242862654
0.245,0.0004153280559133776
0.246,0.00042908225738691463
0.247,0.0004432332660549987
0.248,0.00045779084694030914
0.249,0.00047276496405923574
0.25,0.0004881657836202091
0.251,0.000504003677270437
0.252,0.0005202892253739488
0.253,0.0005370332203242789
0.254,0.0005542466699097748
0.255,0.0005719408006874538
0.256,0.0005901270614345755
0.257,0.0006088171266125375
0.258,0.0006280228998616355
0.259,0.0006477565175717626
0.26,0.000668030352441229
0.261,0.0006888570171217356
0.262,0.0007102493678836641
0.263,0.0007322205082989086
0.264,0.0007547837930118595
0.265,0.0007779528315059459
0.266,0.0008017414919299082
0.267,0.0008261639049724767
0.268,0.000851234467753037
0.269,0.0008769678477690279
0.27,0.0009033789869000719
0.271,0.000930483105404889
0.272,0.000958295706014689
0.273,0.0009868325780347798
0.274,0.001016109801483589
0.275,0.0010461437513025196
0.276,0.0010769511015739086
0.277,0.0011085488298144819
0.278,0.0011409542212639234
0.279,0.001174184873278139
0.28,0.0012082586996952083
0.281,0.0012431939353089172
0.28200000000000003,0.0012790091403257486
0.28300000000000003,0.0013157232049211265
0.28400000000000003,0.0013533553537753429
0.28500000000000003,0.0013919251507111818
0.28600000000000003,0.0014314525033429781
0.28700000000000003,0.0014719576677558743
0.28800000000000003,0.0015134612532669012
0.289,0.001555984227185614
0.29,0.0015995479196579954
0.291,0.0016441740285083606
0.292,0.0016898846241699683
0.293,0.0017367021546140782
0.294,0.001784649450359277
0.295,0.0018337497295000116
0.296,0.0018840266027779773
0.297,0.001935504078708461
0.298,0.001988206568745432
0.299,0.0020421588924598444
0.3,0.0020973862828244094
0.301,0.0021539143914538483
0.302,0.00221176929397493
0.303,0.0022709774953689754
0.304,0.0023315659353893015
0.305,0.002393561994014415
0.306,0.0024569934969328466
0.307,0.002521888721096266
0.308,0.0025882764002586045
0.309,0.0026561857306209857
0.31,0.0027256463764708805
0.311,0.0027966884758736654
0.312,0.002869342646402484
0.313,0.0029436399909122946
0.314,0.0030196121033579937
0.315,0.0030972910746227544
0.316,0.0031767094984137545
0.317,0.0032579004771885467
0.318,0.0033408976281075198
0.319,0.003425735089025883
0.32,0.0035124475245353892
0.321,0.003601070132032258
0.322,0.003691638647801976
0.323,0.0037841893531777027
0.324,0.003878759080702787
0.325,0.003975385220329586
0.326,0.0040741057256593605
0.327,0.004174959120213151
0.328,0.004277984503729959
0.329,0.004383221558498462
0.33,0.00449071055571626
0.331,0.0046004923618773175
0.332,0.004712608445191613
0.333,0.00482710088203353
0.334,0.004944012363406691
0.335,0.0050633862014483055
0.336,0.005185266335947292
0.337,0.005309697340896147
0.338,0.005436724431046147
0.339,0.005566393468514952
0.34,0.005698750969391209
0.341,0.005833844110363473
0.342,0.005971720735367336
0.343,0.006112429362265193
0.34400000000000003,0.0062560191895155715
0.34500000000000003,0.0064025401028754425
0.34600000000000003,0.006552042682117176
0.34700000000000003,0.006704578207735179
0.34800000000000003,0.00686019866770371
0.34900000000000003,0.0070189567642018336
0.35000000000000003,0.007180905920375791
0.35100000000000003,0.007346100287082158
0.352,0.0075145947496711996
0.353,0.0076864449347370245
0.354,0.007861707216877845
0.355,0.008040438725483545
0.356,0.00822269735148573
0.357,0.008408541754120202
0.358,0.008598031367683001
0.359,0.008791226408275565
0.36,0.008988187880539789
0.361,0.009188977584393854
0.362,0.009393658121725434
0.363,0.00960229290310799
0.364,0.00981494615445877
0.365,0.010031682923704932
0.366,0.010252569087419228
0.367,0.01047767135742006
0.368,0.010707057287354105
0.369,0.01094079527925329
0.37,0.01117895459004059
0.371,0.011421605338018503
0.372,0.011668818509313672
0.373,0.011920665964269661
0.374,0.012177220443806425
0.375,0.012438555575742583
0.376,0.012704745881038981
0.377,0.012975866780015277
0.378,0.013251994598501127
0.379,0.013533206573915546
0.38,0.013819580861310743
0.381,0.014111196539322801
0.382,0.01440813361606863
0.383,0.014710473034959315
0.384,0.015018296680436749
0.385,0.015331687383646653
0.386,0.015650728927999125
0.387,0.01597550605466591
0.388,0.0163061044679641
0.389,0.016642610840660543
0.39,0.016985112819152826
0.391,0.01733369902858284
0.392,0.017688459077785712
0.393,0.01804948356418956
0.394,0.018416864078533157
0.395,0.018790693209499887
0.396,0.0191710645482156
0.397,0.019558072692612893
0.398,0.01995181325163431
0.399,0.020352382849344375
0.4,0.020759879128826708
0.401,0.02117440075598842
0.402,0.021596047423170006
0.403,0.022024919852588032
0.404,0.02246111979963339
0.405,0.02290475005597581
0.406,0.023355914452487747
0.40700000000000003,0.023814717861971535
0.40800000000000003,0.024281266201728435
0.40900000000000003,0.024755666435878676
0.41000000000000003,0.025238026577502737
0.41100000000000003,0.02572845569058335
0.41200000000000003,0.02622706389169238
0.41300000000000003,0.026733962351473295
0.41400000000000003,0.027249263295896498
0.41500000000000004,0.027773080007261752
0.41600000000000004,0.028305526824953908
0.417,0.02884671914596526
0.418,0.029396773425121925
0.419,0.029955807175078064
0.42,0.03052393896600536
0.421,0.031101288425034013
0.422,0.03168797623534492
0.423,0.03228412413504167
0.424,0.03288985491563001
0.425,0.03350529242026945
0.426,0.03413056154161098
0.427,0.03476578821939469
0.428,0.03541109943762444
0.429,0.0360666232214637
0.43,0.036732488633715255
0.431,0.03740882577098503
0.432,0.03809576575943885
0.433,0.038793440750169994
0.434,0.039501983914217886
0.435,0.040221529437127646
0.436,0.04095221251314107
0.437,0.041694169338930775
0.438,0.04244753710694371
0.439,0.04321245399826046
0.44,0.043989059175034706
0.441,0.04477749277245924
0.442,0.0455778958902644
0.443,0.046390410583726616
0.444,0.0472151798541921
0.445,0.04805234763910615
0.446,0.04890205880151721
0.447,0.049764459119054916
0.448,0.05063969527239098
0.449,0.05152791483312724
0.45,0.05242926625116673
0.451,0.05334389884148305
0.452,0.054271962770315096
0.453,0.05521360904079764
0.454,0.05616898947796278
0.455,0.05713825671314343
0.456,0.05812156416774772
0.457,0.05911906603640027
0.458,0.06013091726943487
0.459,0.06115727355473455
0.46,0.06219829129888654
0.461,0.06325412760767302
0.462,0.06432494026585434
0.463,0.06541088771624803
0.464,0.06651212903810466
0.465,0.06762882392472735
0.466,0.06876113266037076
0.467,0.06990921609638079
0.468,0.07107323562655954
0.46900000000000003,0.07225335316177617
0.47000000000000003,0.0734497311037462
0.47100000000000003,0.0746625323180562
0.47200000000000003,0.07589192010633872
0.47300000000000003,0.07713805817765018
0.47400000000000003,0.07840111061897048
0.47500000000000003,0.07968124186490799
0.47600000000000003,0.08097861666649098
0.47700000000000004,0.08229340005911667
0.47800000000000004,0.08362575732961186
0.47900000000000004,0.0849758539823835
0.48,0.08634385570466974
0.481,0.08772992833088411
0.482,0.08913423780599605
0.483,0.09055695014801335
0.484,0.0919982314094725
0.485,0.09345824763798072
0.486,0.0949371648357955
0.487,0.09643514891840155
0.488,0.09795236567209253
0.489,0.09948898071056167
0.49,0.10104515943047598
0.491,0.10262106696599627
0.492,0.10421686814230313
0.493,0.10583272742806127
0.494,0.10746880888681554
0.495,0.10912527612735978
0.496,0.1108022922530083
0.497,0.11250001980980318
0.498,0.11421862073363231
0.499,0.11595825629625833
0.5,0.1177190870502508
0.501,0.1195012727727991
0.502,0.12130497240843308
0.503,0.12313034401061962
0.504,0.12497754468223443
0.505,0.12684673051490314
0.506,0.12873805652723347
0.507,0.13065167660187793
0.508,0.1325877434214907
0.509,0.1345464084035427
0.51,0.1365278216339625
0.511,0.13853213179968094
0.512,0.14055948611999314
0.513,0.14261003027680963
0.514,0.144683908343734
0.515,0.14678126271403047
0.516,0.1489022340274212
0.517,0.1510469610957832
0.518,0.15321558082767472
0.519,0.15540822815177469
0.52,0.15762503593915955
0.521,0.15986613492449997
0.522,0.16213165362613202
0.523,0.16442171826502439
0.524,0.1667364526826578
0.525,0.16907597825784737
0.526,0.1714404138224439
0.527,0.17382987557602703
0.528,0.17624447699953738
0.529,0.178684328767855
0.53,0.18114953866140537
0.531,0.18364021147672993
0.532,0.1861564489360974
0.533,0.1886983495961475
0.534,0.19126600875558641
0.535,0.193859518361979
0.536,0.19647896691762146
0.537,0.1991244393845647
0.538,0.20179601708876127
0.539,0.20449377762342513
0.54,0.2072177947515782
0.541,0.2099681383078228
0.542,0.21274487409941822
0.543,0.21554806380662028
0.544,0.2183777648823758
0.545,0.22123403045138978
0.546,0.22411690920858995
0.547,0.22702644531704486
0.548,0.2299626783053642
0.549,0.23292564296463636
0.55,0.23591536924493273
0.551,0.23893188215143324
0.552,0.2419752016402208
0.553,0.2450453425137884
0.554,0.2481423143163054
0.555,0.25126612122872116
0.556,0.2544167619637234
0.557,0.2575942296606363
0.558,0.26079851178029856
0.559,0.26402958999999704
0.56,0.2672874401085047
0.561,0.27057203190129453
0.562,0.2738833290759829
0.5630000000000001,0.27722128912809574
0.5640000000000001,0.2805858632471945
0.5650000000000001,0.2839769962134513
0.5660000000000001,0.28739462629475276
0.5670000000000001,0.29083868514439726
0.5680000000000001,0.29430909769944824
0.5690000000000001,0.29780578207986275
0.5700000000000001,0.3013286494884291
0.5710000000000001,0.3048776041116479
0.5720000000000001,0.30845254302157576
0.5730000000000001,0.3120533560787888
0.5740000000000001,0.3156799258365123
0.5750000000000001,0.3193321274459927
0.5760000000000001,0.3230098285632683
0.577,0.326712889257355
0.578,0.3304411619199993
0.579,0.33419449117707434
0.58,0.33797271380171645
0.581,0.3417756586293118
0.582,0.3456031464744316
0.583,0.3494549900498143
0.584,0.35333099388751754
0.585,0.357230954262327
0.586,0.3611546591175564
0.587,0.3651018879933131
0.588,0.36907241195738283
0.589,0.3730659935388103
0.59,0.37708238666432037
0.591,0.3811213365976728
0.592,0.38518257988206983
0.593,0.3892658442857627
0.594,0.39337084875092987
0.595,0.39749730334598554
0.596,0.4016449092214178
0.597,0.40581335856928513
0.598,0.4100023345864916
0.599,0.4142115114419662
0.6,0.41844055424785886
0.601,0.4226891190348885
0.602,0.42695685273195827
0.603,0.4312433931501547
0.604,0.435548368971287
0.605,0.43987139974102685
0.606,0.4442120958668361
0.607,0.4485700586207686
0.608,0.45294488014726175
0.609,0.4573361434760692
0.61,0.46174342254041745
0.611,0.4661662822005287
0.612,0.47060427827262796
0.613,0.47505695756351196
0.614,0.4795238579108595
0.615,0.48400450822933017
0.616,0.4884984285625892
0.617,0.4930051301413807
0.618,0.49752411544772146
0.619,0.5020548782853368
0.62,0.5065969038564387
0.621,0.5111496688449383
0.622,0.5157126415061717
0.623,0.5202852817632657
0.624,0.524867041310188
0.625,0.5294573637215885
0.626,0.5340556845694975
0.627,0.5386614315469731
0.628,0.5432740245987357
0.629,0.5478928760588875
0.63,0.5525173907957479
0.631,0.5571469663638791
0.632,0.5617809931633337
0.633,0.5664188546061867
0.634,0.5710599272903638
0.635,0.575703581180822
0.636,0.5803491797980835
0.637,0.5849960804141541
0.638,0.58964363425584
0.639,0.5942911867154537
0.64,0.5989380775689004
0.641,0.6035836412011688
0.642,0.6082272068391541
0.643,0.6128680987918329
0.644,0.6175056366977236
0.645,0.6221391357796002
0.646,0.6267679071064073
0.647,0.6313912578623132
0.648,0.6360084916228181
0.649,0.6406189086378661
0.65,0.6452218061218378
0.651,0.6498164785503421
0.652,0.654402217963701
0.653,0.6589783142769992
0.654,0.6635440555965708
0.655,0.6680987285427873
0.656,0.6726416185789963
0.657,0.6771720103464466
0.658,0.6816891880050331
0.659,0.6861924355796802
0.66,0.6906810373121655
0.661,0.6951542780181887
0.662,0.6996114434494629
0.663,0.7040518206606154
0.664,0.7084746983806456
0.665,0.7128793673887126
0.666,0.7172651208939749
0.667,0.7216312549192314
0.668,0.7259770686880718
0.669,0.7303018650152567
0.67,0.7346049507000153
0.671,0.7388856369219625
0.672,0.7431432396392994
0.673,0.7473770799889863
0.674,0.7515864846885201
0.675,0.7557707864389894
0.676,0.7599293243290319
0.677,0.764061444239326
0.678,0.7681664992472454
0.679,0.7722438500312783
0.68,0.7762928652748167
0.681,0.7803129220689218
0.682,0.7843034063136407
0.683,0.78826371311746
0.684,0.7921932471944716
0.685,0.7960914232588197
0.686,0.7999576664159809
0.687,0.8037914125504486
0.6880000000000001,0.8075921087093602
0.6890000000000001,0.8113592134816172
0.6900000000000001,0.8150921973720532
0.6910000000000001,0.8187905431701676
0.6920000000000001,0.8224537463129827
0.6930000000000001,0.8260813152415516
0.6940000000000001,0.8296727717506511
0.6950000000000001,0.8332276513311958
0.6960000000000001,0.836745503504907
0.6970000000000001,0.8402258921507741
0.6980000000000001,0.84366839582284
0.6990000000000001,0.8470726080588556
0.7000000000000001,0.850438137679346
0.7010000000000001,0.8537646090766315
0.7020000000000001,0.8570516624933594
0.7030000000000001,0.8602989542901032
0.704,0.8635061572015905
0.705,0.8666729605811408
0.706,0.8697990706328809
0.707,0.872884210631337
0.708,0.8759281211280009
0.709,0.8789305601444787
0.71,0.8818913033518491
0.711,0.884810144235862
0.712,0.8876868942476314
0.713,0.8905213829394836
0.714,0.8933134580856414
0.715,0.8960629857874418
0.716,0.8987698505627958
0.717,0.901433955419627
0.718,0.904055221913038
0.719,0.9066335901859711
0.72,0.9091690189931587
0.721,0.9116614857081734
0.722,0.9141109863134121
0.723,0.9165175353728714
0.724,0.918881165987595
0.725,0.9212019297336985
0.726,0.9234798965829002
0.727,0.9257151548055146
0.728,0.9279078108558886
0.729,0.9300579892402888
0.73,0.9321658323672736
0.731,0.9342315003806143
0.732,0.9362551709748531
0.733,0.9382370391936155
0.734,0.9401773172108262
0.735,0.9420762340949991
0.736,0.9439340355568093
0.737,0.9457509836801744
0.738,0.9475273566371103
0.739,0.949263448386648
0.74,0.950959568358131
0.741,0.9526160411192396
0.742,0.9542332060291157
0.743,0.9558114168769928
0.744,0.9573510415067583
0.745,0.9588524614279078
0.746,0.9603160714133708
0.747,0.9617422790847225
0.748,0.9631315044853107
0.749,0.9644841796418573
0.75,0.9658007481151211
0.751,0.967081664540219
0.752,0.9683273941572399
0.753,0.9695384123327909
0.754,0.9707152040731496
0.755,0.9718582635297016
0.756,0.9729680934973686
0.757,0.9740452049067433
0.758,0.9750901163106653
0.759,0.9761033533659806
0.76,0.9770854483112449
0.761,0.9780369394411339
0.762,0.97895837057834
0.763,0.9798502905437347
0.764,0.9807132526255857
0.765,0.9815478140486181
0.766,0.9823545354437154
0.767,0.9831339803190491
0.768,0.9838867145334312
0.769,0.984613305772676
0.77,0.9853143230297524
0.771,0.9859903360895025
0.772,0.9866419150186932
0.773,0.9872696296621547
0.774,0.9878740491457492
0.775,0.988455741386898
0.776,0.9890152726133795
0.777,0.9895532068910923
0.778,0.9900701056614576
0.779,0.9905665272891159
0.78,0.9910430266205472
0.781,0.9915001545542227
0.782,0.9919384576228669
0.783,0.9923584775883859
0.784,0.9927607510499826
0.785,0.993145809065958
0.786,0.9935141767896576
0.787,0.9938663731199973
0.788,0.9942029103669645
0.789,0.9945242939324582
0.79,0.9948310220067963
0.791,0.9951235852811819
0.792,0.9954024666763849
0.793,0.995668141087856
0.794,0.9959210751474548
0.795,0.996161727001935
0.796,0.9963905461082901
0.797,0.9966079730460283
0.798,0.9968144393464027
0.799,0.9970103673385895
0.8,0.9971961700127647
0.801,0.997372250899997
0.802,0.9975390039688329
0.803,0.9976968135384178
0.804,0.9978460542079609
0.805,0.9979870908023133
0.806,0.9981202783334004
0.807,0.9982459619772142
0.808,0.998364477066038
0.809,0.9984761490955514
0.81,0.998581293746428
0.811,0.9986802169200167
0.812,0.9987732147876667
0.8130000000000001,0.9988605738532368
0.8140000000000001,0.9989425710283036
0.8150000000000001,0.9990194737195636
0.8160000000000001,0.999091539927906
0.8170000000000001,0.9991590183586149
0.8180000000000001,0.9992221485421443
0.8190000000000001,0.9992811609648976
0.8200000000000001,0.9993362772094287
0.8210000000000001,0.9993877101034776
0.8220000000000001,0.9994356638772391
0.8230000000000001,0.9994803343282658
0.8240000000000001,0.9995219089933951
0.8250000000000001,0.999560567327096
0.8260000000000001,0.9995964808856246
0.8270000000000001,0.999629813516387
0.8280000000000001,0.9996607215519062
0.8290000000000001,0.9996893540077993
0.8300000000000001,0.9997158527841783
0.8310000000000001,0.999740352869897
0.8320000000000001,0.9997629825490781
0.833,0.9997838636093662
0.834,0.9998031115513691
0.835,0.9998208357987625
0.836,0.9998371399085517
0.837,0.9998521217810031
0.838,0.9998658738687739
0.839,0.9998784833847932
0.84,0.9998900325084653
0.841,0.9999005985897897
0.842,0.9999102543510152
0.843,0.9999190680854662
0.844,0.9999271038532064
0.845,0.9999344216732275
0.846,0.9999410777118736
0.847,0.9999471244672378
0.848,0.9999526109492924
0.849,0.9999575828555373
0.85,0.9999620827419743
0.851,0.9999661501892428
0.852,0.9999698219637706
0.853,0.9999731321738204
0.854,0.9999761124203348
0.855,0.9999787919425009
0.856,0.9999811977579819
0.857,0.9999833547977781
0.858,0.9999852860357054
0.859,0.9999870126124905
0.86,0.9999885539545061
0.861,0.9999899278871841
0.862,0.9999911507431571
0.863,0.9999922374652
0.864,0.9999932017040492
0.865,0.9999940559111958
0.866,0.9999948114267581
0.867,0.9999954785625463
0.868,0.9999960666804479
0.869,0.9999965842662631
0.87,0.9999970389991323
0.871,0.9999974378167016
0.872,0.9999977869761751
0.873,0.9999980921114126
0.874,0.999998358286226
0.875,0.9999985900440396
0.876,0.9999987914540718
0.877,0.9999989661542021
0.878,0.9999991173906848
0.879,0.9999992480548697
0.88,0.9999993607170888
0.881,0.9999994576578664
0.882,0.9999995408966047
0.883,0.9999996122178982
0.884,0.9999996731956197
0.885,0.9999997252149239
0.886,0.9999997694923038
0.887,0.9999998070938353
0.888,0.9999998389517352
0.889,0.9999998658793565
0.89,0.9999998885847399
0.891,0.999999907682829
0.892,0.9999999237064588
0.893,0.9999999371162168
0.894,0.9999999483092701
0.895,0.999999957627249
0.896,0.9999999653632716
0.897,0.9999999717681849
0.898,0.9999999770560973
0.899,0.9999999814092715
0.9,0.9999999849824373
0.901,0.9999999879065856
0.902,0.9999999902922964
0.903,0.999999992232648
0.904,0.9999999938057569
0.905,0.9999999950769839
0.906,0.9999999961008497
0.907,0.9999999969226893
0.908,0.9999999975800785
0.909,0.9999999981040605
0.91,0.9999999985201947
0.911,0.9999999988494541
0.912,0.9999999991089877
0.913,0.9999999993127676
0.914,0.9999999994721359
0.915,0.9999999995962654
0.916,0.9999999996925455
0.917,0.9999999997669065
0.918,0.9999999998240875
0.919,0.9999999998678613
0.92,0.9999999999012177
0.921,0.9999999999265163
0.922,0.9999999999456112
0.923,0.9999999999599524
0.924,0.9999999999706685
0.925,0.9999999999786342
0.926,0.9999999999845237
0.927,0.9999999999888542
0.928,0.9999999999920205
0.929,0.999999999994322
0.93,0.999999999995985
0.931,0.9999999999971791
0.932,0.9999999999980312
0.933,0.9999999999986354
0.934,0.9999999999990608
0.935,0.9999999999993582
0.936,0.9999999999995648
0.937,0.9999999999997071
0.9380000000000001,0.9999999999998045
0.9390000000000001,0.9999999999998705
0.9400000000000001,0.999999999999915
0.9410000000000001,0.9999999999999447
0.9420000000000001,0.9999999999999644
0.9430000000000001,0.9999999999999772
0.9440000000000001,0.9999999999999856
0.9450000000000001,0.999999999999991
0.9460000000000001,0.9999999999999944
0.9470000000000001,0.9999999999999966
0.9480000000000001,0.9999999999999979
0.9490000000000001,0.9999999999999988
0.9500000000000001,0.9999999999999992
0.9510000000000001,0.9999999999999996
0.9520000000000001,0.9999999999999998
0.9530000000000001,0.9999999999999999
0.9540000000000001,0.9999999999999999
0.9550000000000001,1.0
0.9560000000000001,1.0
0.9570000000000001,1.0
0.9580000000000001,1.0
0.9590000000000001,1.0
0.96,1.0
0.961,1.0
0.962,1.0
0.963,1.0
0.964,1.0
0.965,1.0
0.966,1.0
0.967,1.0
0.968,1.0
0.969,1.0
0.97,1.0
0.971,1.0
0.972,1.0
0.973,1.0
0.974,1.0
0.975,1.0
0.976,1.0
0.977,1.0
0.978,1.0
0.979,1.0
0.98,1.0
0.981,1.0
0.982,1.0
0.983,1.0
0.984,1.0
0.985,1.0
0.986,1.0
0.987,1.0
0.988,1.0
0.989,1.0
0.99,1.0
0.991,1.0
0.992,1.0
0.993,1.0
0.994,1.0
0.995,1.0
0.996,1.0
0.997,1.0
0.998,1.0
0.999,1.0
1.0,1.0
