notice_id_a,notice_id_b,label,exact,estimate,abs_error
N010018,N010020,same,0.2513440860215054,0.296875,0.045530913978494625
N007876,N008565,different,0.22057787174066243,0.25390625,0.03332837825933757
N005451,N005452,same,0.3398576512455516,0.36328125,0.023423598754448383
N008464,N010231,different,0.1313050440352282,0.16015625,0.02885120596477181
N000420,N001104,different,0.2911392405063291,0.33984375,0.04870450949367089
N004781,N005219,different,0.27627627627627627,0.26171875,0.014557526276276267
N007021,N010547,different,0.3584699453551913,0.3125,0.04596994535519128
N004413,N008734,different,0.14785651793525809,0.1875,0.039643482064741914
N007783,N007784,same,0.31155778894472363,0.3125,0.0009422110552763652
N001104,N001107,same,0.31926863572433195,0.3984375,0.07916886427566805
N006958,N006959,same,0.49642857142857144,0.54296875,0.04654017857142856
N003107,N007431,different,0.40621531631520535,0.390625,0.015590316315205355
N010497,N011446,different,0.46940822467402205,0.47265625,0.0032480253259779546
N002561,N003545,different,0.13270142180094788,0.140625,0.007923578199052123
N004217,N007965,different,0.4584199584199584,0.4921875,0.03376754158004158
N006099,N006100,same,0.609271523178808,0.6328125,0.02354097682119205
N009010,N009562,different,0.16066725197541704,0.18359375,0.022926498024582964
N005332,N005333,same,0.8591549295774648,0.8671875,0.008032570422535246
N008288,N010448,different,0.45036764705882354,0.41015625,0.04021139705882354
N002391,N009409,different,0.15929941618015012,0.19140625,0.032106833819849884
N001001,N007428,different,0.20535714285714285,0.17578125,0.02957589285714285
N002919,N002920,same,0.9602836879432625,0.9765625,0.016278812056737535
N007223,N008301,different,0.29832402234636873,0.32421875,0.025894727653631266
N005352,N007867,different,0.16715257531584063,0.16796875,0.0008161746841593709
N007893,N007894,same,0.9003831417624522,0.91015625,0.009773108237547845
N002670,N007972,different,0.45875251509054327,0.4765625,0.017809984909456733
N006038,N008642,different,0.19114219114219114,0.21484375,0.023701558857808863
N004523,N007453,different,0.30311231393775373,0.37890625,0.07579393606224627
N006491,N010563,different,0.47058823529411764,0.484375,0.01378676470588236
N002902,N010086,different,0.2827868852459016,0.29296875,0.01018186475409838
N001013,N003939,different,0.32555425904317387,0.34765625,0.022101990956826134
N002612,N004456,different,0.16695205479452055,0.20703125,0.04007919520547945
N003308,N005945,different,0.1511627906976744,0.171875,0.02071220930232559
N002811,N007128,different,0.3070539419087137,0.2890625,0.017991441908713712
N007478,N011108,different,0.18858560794044665,0.24609375,0.05750814205955335
N001760,N001761,same,0.9673202614379085,0.97265625,0.005335988562091498
N004944,N009237,different,0.1808695652173913,0.20703125,0.02616168478260869
N008261,N008262,same,0.6118421052631579,0.609375,0.002467105263157854
N003630,N009918,different,0.24494949494949494,0.22265625,0.022293244949494945
N003948,N008608,different,0.15834767641996558,0.1796875,0.021339823580034417
N008997,N008998,same,0.5936395759717314,0.64453125,0.05089167402826855
N004789,N005917,different,0.34563758389261745,0.35546875,0.00983116610738255
N003672,N008071,different,0.4917218543046358,0.453125,0.038596854304635775
N009235,N009236,same,0.45390070921985815,0.48828125,0.034380540780141855
N001817,N002597,different,0.43283582089552236,0.4765625,0.04372667910447764
N000985,N000986,same,0.24399494310998734,0.26171875,0.017723806890012656
N000993,N010660,different,0.2865928659286593,0.296875,0.01028213407134071
N003269,N010318,different,0.3419633225458468,0.33203125,0.009932072545846826
N011750,N011966,different,0.3333333333333333,0.38671875,0.053385416666666685
N010357,N010360,same,0.9866518353726362,1.0,0.013348164627363768
N001163,N001165,same,0.9804560260586319,0.98828125,0.007825223941368087
N011255,N011732,different,0.3663624511082138,0.375,0.008637548891786195
N007191,N011803,different,0.14395229982964225,0.15625,0.01229770017035775
N003422,N008330,different,0.1689419795221843,0.18359375,0.014651770477815712
N004762,N011915,different,0.4385447394296952,0.45703125,0.018486510570304815
N006325,N006326,same,0.8861386138613861,0.8828125,0.0033261138613861485
N003658,N003661,same,0.9322033898305084,0.921875,0.010328389830508433
N010135,N010136,same,0.9890909090909091,0.984375,0.004715909090909132
N003079,N011928,different,0.4442082890541977,0.45703125,0.01282296094580232
N000268,N009659,different,0.5438144329896907,0.5625,0.018685567010309323
N001173,N001174,same,0.6656580937972768,0.73046875,0.0648106562027232
N004065,N007546,different,0.3901292596944771,0.34375,0.04637925969447709
N000702,N007932,different,0.1417004048582996,0.171875,0.0301745951417004
N009387,N009517,different,0.30424799081515497,0.34765625,0.04340825918484503
N000358,N007166,different,0.2888086642599278,0.3125,0.023691335740072206
N007841,N011872,different,0.1382716049382716,0.125,0.013271604938271592
N000576,N000577,same,0.21107266435986158,0.23046875,0.019396085640138422
N003372,N008041,different,0.2938689217758985,0.29296875,0.0009001717758985173
N006470,N009323,different,0.4443368828654405,0.484375,0.040038117134559514
N001685,N001686,same,0.6446927374301676,0.62890625,0.01578648743016764
N002358,N005690,different,0.32075471698113206,0.31640625,0.00434846698113206
N002216,N002218,same,0.9071146245059288,0.9140625,0.006947875494071165
N003837,N007101,different,0.3956692913385827,0.3984375,0.002768208661417304
N008995,N010419,different,0.2992874109263658,0.3125,0.013212589073634207
N001394,N003813,different,0.18781725888324874,0.19140625,0.003588991116751261
N003816,N009648,different,0.4670391061452514,0.4296875,0.037351606145251404
N000883,N003126,different,0.14313725490196078,0.14453125,0.0013939950980392246
N010748,N011807,different,0.27710843373493976,0.32421875,0.04711031626506024
N006050,N007874,different,0.19877675840978593,0.203125,0.004348241590214075
N011687,N011688,same,0.9879275653923542,0.9921875,0.004259934607645843
N000036,N011140,different,0.2361308677098151,0.28515625,0.04902538229018491
N000051,N000052,same,0.9675174013921114,0.96484375,0.002673651392111398
N001105,N007889,different,0.12075471698113208,0.12890625,0.008151533018867924
N004491,N004492,same,0.5421836228287841,0.515625,0.026558622828784073
N004978,N009682,different,0.21212121212121213,0.24609375,0.03397253787878787
N008379,N008380,same,0.8962432915921288,0.91796875,0.021725458407871212
N001189,N011628,different,0.18451749734888653,0.23046875,0.04595125265111347
N000183,N001889,different,0.5416666666666666,0.578125,0.03645833333333337
N006225,N006227,same,0.24010217113665389,0.234375,0.005727171136653886
N002447,N007313,different,0.24464831804281345,0.2734375,0.02878918195718655
N005321,N005322,same,0.9391891891891891,0.93359375,0.005595439189189144
N004563,N004564,same,0.4194871794871795,0.47265625,0.05316907051282049
N001497,N001498,same,0.48934010152284263,0.546875,0.05753489847715737
N002729,N008105,different,0.32590855803048063,0.36328125,0.03737269196951937
N000314,N008220,different,0.23943661971830985,0.25,0.010563380281690155
N001902,N009227,different,0.45646067415730335,0.4375,0.018960674157303348
N001376,N009439,different,0.4104938271604938,0.38671875,0.023775077160493818
N003019,N009498,different,0.2054380664652568,0.2578125,0.05237443353474319
N003883,N004988,different,0.18459069020866772,0.1953125,0.010721809791332276
N004822,N007764,different,0.25903614457831325,0.26953125,0.010495105421686746
N000255,N007615,different,0.3538306451612903,0.328125,0.025705645161290314
N005676,N011302,different,0.2699300699300699,0.2734375,0.0035074300699300953
N003403,N007889,different,0.15956482320942883,0.16796875,0.00840392679057117
N002476,N005891,different,0.16461916461916462,0.19921875,0.03459958538083538
N004988,N009224,different,0.20906994619523445,0.25,0.040930053804765554
N001677,N011151,different,0.20251177394034536,0.23828125,0.03576947605965464
N006731,N006732,same,0.9144602851323829,0.92578125,0.011320964867617134
N002200,N009548,different,0.17892342683851403,0.21875,0.03982657316148597
N001873,N001874,same,0.9043478260869565,0.93359375,0.02924592391304348
N006820,N010293,different,0.3012345679012346,0.34375,0.042515432098765404
N004096,N007060,different,0.3785310734463277,0.4296875,0.05115642655367231
N003135,N003543,different,0.35102533172496986,0.359375,0.008349668275030142
N006564,N007387,different,0.2754491017964072,0.296875,0.021425898203592808
N004906,N008027,different,0.3600944510035419,0.41015625,0.05006179899645807
N000145,N007083,different,0.1735604217356042,0.1796875,0.006127078264395791
N008087,N008088,same,0.3590963139120095,0.3984375,0.039341186087990476
N007153,N007701,different,0.4144486692015209,0.4296875,0.015238830798479097
N010825,N010826,same,0.6833095577746077,0.74609375,0.06278419222539233
N006905,N006906,same,0.980565371024735,0.98046875,9.662102473495526e-05
N001863,N002786,different,0.19180201082753287,0.23046875,0.03866673917246713
N001735,N005403,different,0.3818589025755879,0.359375,0.02248390257558791
N009982,N009985,same,0.2367957746478873,0.234375,0.0024207746478873138
N008801,N011616,different,0.2810615199034982,0.3203125,0.0392509800965018
N003201,N011795,different,0.4269102990033223,0.45703125,0.03012095099667772
N009040,N010335,different,0.1559383499546691,0.15625,0.00031165004533090235
N000276,N000278,same,0.30448717948717946,0.328125,0.02363782051282054
N001338,N001340,same,0.9789103690685413,0.98046875,0.0015583809314586583
N011118,N011119,same,0.9090909090909091,0.9296875,0.02059659090909094
N000768,N000770,same,0.7142857142857143,0.75390625,0.0396205357142857
N001515,N006807,different,0.29318181818181815,0.3125,0.019318181818181845
N009100,N009150,different,0.2727272727272727,0.2890625,0.016335227272727293
N000437,N010413,different,0.16773162939297126,0.171875,0.00414337060702874
N008497,N008498,same,0.5787545787545788,0.578125,0.0006295787545788079
N007145,N007146,same,0.5383522727272727,0.57421875,0.03586647727272729
N007053,N010560,different,0.36327739387956565,0.328125,0.03515239387956565
N008280,N010910,different,0.28672150411280845,0.26953125,0.017190254112808445
N001364,N001365,same,0.9119601328903655,0.9296875,0.017727367109634518
N001075,N009237,different,0.4518987341772152,0.40625,0.04564873417721521
N003268,N007976,different,0.5050590219224284,0.48046875,0.024590271922428353
N004168,N004169,same,0.6673662119622246,0.63671875,0.030647461962224565
N003317,N011369,different,0.2552026286966046,0.30078125,0.045578621303395406
N002748,N011595,different,0.4061085972850679,0.37890625,0.027202347285067874
N000873,N002331,different,0.16390243902439025,0.16015625,0.0037461890243902507
N009379,N009380,same,0.9893992932862191,0.99609375,0.006694456713780883
N007382,N009541,different,0.20941402497598463,0.26953125,0.06011722502401537
N006828,N011568,different,0.19001919385796545,0.21875,0.02873080614203455
N005210,N009890,different,0.2556894243641232,0.26953125,0.013841825635876825
N009046,N010077,different,0.34965034965034963,0.30859375,0.041056599650349634
N000659,N006306,different,0.16764953664700927,0.16796875,0.0003192133529907326
N005472,N007849,different,0.18032786885245902,0.18359375,0.0032658811475409777
N007681,N009555,different,0.4237588652482269,0.40625,0.017508865248226924
N007201,N010116,different,0.2748299319727891,0.3046875,0.0298575680272109
N002665,N004599,different,0.18769716088328076,0.19921875,0.011521589116719244
N007557,N008376,different,0.4746588693957115,0.4609375,0.013721369395711502
N000189,N001381,different,0.2783018867924528,0.31640625,0.038104363207547176
N004220,N007941,different,0.4023109243697479,0.34375,0.05856092436974791
N002036,N008928,different,0.11960132890365449,0.109375,0.010226328903654491
N003662,N010020,different,0.2822085889570552,0.2734375,0.008771088957055195
N004066,N006280,different,0.2597911227154047,0.26953125,0.009740127284595279
N005647,N010086,different,0.2753441802252816,0.30859375,0.03324956977471838
N002586,N006131,different,0.2810304449648712,0.32421875,0.04318830503512883
N004043,N004969,different,0.1307300509337861,0.1484375,0.01770744906621391
N010853,N010857,same,0.7570093457943925,0.77734375,0.020334404205607504
N000202,N007774,different,0.35374149659863946,0.34765625,0.00608524659863946
N002852,N002853,same,0.598531211750306,0.5859375,0.012593711750305991
N008049,N010976,different,0.25358166189111747,0.25,0.0035816618911174714
N010028,N010039,different,0.3908872901678657,0.359375,0.03151229016786572
N004028,N010035,different,0.2803738317757009,0.3359375,0.05556366822429909
N001702,N010946,different,0.22867737948084055,0.28125,0.05257262051915945
N008791,N008803,different,0.43822393822393824,0.47265625,0.034432311776061764
N000684,N004640,different,0.31053811659192826,0.3359375,0.02539938340807174
N011929,N011930,same,0.40218470705064546,0.4140625,0.011877792949354538
N003860,N004075,different,0.3721973094170404,0.34375,0.02844730941704038
N003884,N007431,different,0.16166666666666665,0.140625,0.021041666666666653
N002204,N007953,different,0.22388059701492538,0.234375,0.010494402985074619
N005664,N005666,same,0.8898305084745762,0.890625,0.0007944915254237683
N003982,N006359,different,0.39888164026095063,0.41015625,0.011274609739049368
N002817,N002819,same,0.2852272727272727,0.25,0.03522727272727272
N002626,N002629,same,0.5462962962962963,0.54296875,0.00332754629629628
N000262,N002156,different,0.4683663833805477,0.4921875,0.0238211166194523
N000131,N003422,different,0.44966442953020136,0.4140625,0.03560192953020136
N000852,N010531,different,0.14240506329113925,0.13671875,0.00568631329113925
N003659,N005484,different,0.17904290429042904,0.18359375,0.004550845709570955
N001115,N009773,different,0.5099778270509978,0.5390625,0.029084672949002188
N010941,N010942,same,0.9103343465045592,0.9375,0.027165653495440756
N008101,N008840,different,0.2554054054054054,0.27734375,0.021938344594594594
N005983,N009546,different,0.4681059862610402,0.4765625,0.008456513738959781
N001180,N006053,different,0.3795243019648397,0.375,0.0045243019648397165
N004248,N005277,different,0.2325268817204301,0.2421875,0.009660618279569905
N006025,N010086,different,0.2839632277834525,0.3046875,0.02072427221654749
N002970,N007570,different,0.4377551020408163,0.484375,0.0466198979591837
N002439,N007343,different,0.3872832369942196,0.375,0.012283236994219626
N001488,N005914,different,0.2981366459627329,0.3125,0.014363354037267073
N001624,N006762,different,0.1620795107033639,0.1328125,0.029267010703363905
N004870,N006313,different,0.3470873786407767,0.37109375,0.02400637135922329
N011017,N011020,same,0.5726600985221675,0.58984375,0.017183651477832518
N002389,N002391,same,0.5873205741626795,0.625,0.037679425837320535
N000672,N002056,different,0.16422764227642275,0.1796875,0.015459857723577247
N003476,N004605,different,0.3217391304347826,0.3125,0.009239130434782583
N008022,N010492,different,0.44390243902439025,0.43359375,0.01030868902439025
N009775,N009854,different,0.11373976342129208,0.14453125,0.03079148657870792
N001443,N010092,different,0.3715686274509804,0.35546875,0.016099877450980404
N008152,N008153,same,0.9276485788113695,0.953125,0.02547642118863047
N004151,N009894,different,0.17708333333333334,0.17578125,0.0013020833333333426
N009151,N011771,different,0.4482758620689655,0.4765625,0.028286637931034475
N004672,N008166,different,0.5336091003102379,0.54296875,0.009359649689762106
N005081,N007027,different,0.2572314049586777,0.2578125,0.0005810950413223104
N002173,N008545,different,0.30491803278688523,0.3359375,0.03101946721311477
N003781,N003783,same,0.9063032367972743,0.8984375,0.007865736797274314
N002084,N007552,different,0.2904191616766467,0.28515625,0.00526291167664672
N004001,N004002,same,0.49265536723163844,0.4921875,0.00046786723163844135
N009163,N009439,different,0.27522935779816515,0.27734375,0.002114392201834847
N002426,N003338,different,0.1745776347546259,0.2109375,0.0363598652453741
N006423,N006425,same,0.946875,0.94140625,0.005468750000000022
N007876,N009829,different,0.5164011246485474,0.56640625,0.05000512535145263
N007687,N009311,different,0.46473029045643155,0.45703125,0.0076990404564315496
N001746,N002955,different,0.11854684512428298,0.11328125,0.005265595124282985
N008284,N008285,same,0.6017897091722595,0.578125,0.02366470917225949
N001309,N011869,different,0.14314928425357873,0.14453125,0.001381965746421271
N002589,N004081,different,0.16007194244604317,0.17578125,0.01570930755395683
N005300,N006349,different,0.4474835886214442,0.46875,0.021266411378555783
N009455,N009456,same,0.568,0.55859375,0.00940624999999995
N004081,N010560,different,0.1779513888888889,0.19921875,0.021267361111111105
N004306,N004307,same,0.9853300733496333,0.98828125,0.0029511766503667047
N000884,N011090,different,0.36682242990654207,0.3515625,0.015259929906542069
N000010,N003634,different,0.1722488038277512,0.1640625,0.008186303827751207
N002225,N011649,different,0.27532777115613827,0.28125,0.005922228843861732
N001484,N003224,different,0.13943161634103018,0.14453125,0.0050996336589698155
N008411,N008412,same,0.4017857142857143,0.390625,0.011160714285714302
N006804,N010502,different,0.2482893450635386,0.265625,0.017335654936461387
N009437,N010826,different,0.4002123142250531,0.34765625,0.0525560642250531
N000335,N007009,different,0.3504823151125402,0.3671875,0.016705184887459812
N002857,N005654,different,0.35443037974683544,0.31640625,0.038024129746835444
N000078,N007325,different,0.31329113924050633,0.36328125,0.04999011075949367
N000864,N005773,different,0.24300111982082867,0.2734375,0.03043638017917133
N007718,N008135,different,0.3734238603297769,0.390625,0.017201139670223076
N006976,N010778,different,0.4175170068027211,0.43359375,0.01607674319727892
N002774,N011414,different,0.2884371029224905,0.26953125,0.018905852922490474
N004762,N010111,different,0.4659090909090909,0.4453125,0.020596590909090884
N003908,N003909,same,0.2652370203160271,0.2890625,0.023825479683972917
N000664,N000666,same,0.4469798657718121,0.42578125,0.02119861577181209
N004323,N009954,different,0.25133689839572193,0.25390625,0.0025693516042780695
N010390,N011580,different,0.16892725030826142,0.17578125,0.006853999691738583
N004880,N004881,same,0.9090909090909091,0.94140625,0.03231534090909094
N000818,N006620,different,0.2089108910891089,0.26171875,0.0528078589108911
N001043,N002862,different,0.3488372093023256,0.3515625,0.0027252906976744096
N000640,N011658,different,0.20444104134762633,0.2109375,0.006496458652373666
N008018,N008676,different,0.12355212355212356,0.12890625,0.005354126447876445
N002685,N002686,same,0.49176954732510286,0.51953125,0.027761702674897137
N000449,N010133,different,0.2678100263852243,0.30859375,0.040783723614775724
N004683,N007002,different,0.18010963194988253,0.19140625,0.011296618050117474
N010844,N011602,different,0.2812903225806452,0.31640625,0.03511592741935482
N002440,N002443,same,0.3572778827977316,0.375,0.017722117202268406
N001357,N003372,different,0.26962809917355374,0.28515625,0.015528150826446263
N010856,N010857,same,0.7265415549597856,0.76171875,0.03517719504021444
N005262,N005263,same,0.33251833740831294,0.3359375,0.003419162591687064
N000070,N004969,different,0.5030146425495263,0.4609375,0.042077142549526325
N003615,N009126,different,0.4487534626038781,0.47265625,0.023902787396121894
N003236,N006862,different,0.1625544267053701,0.21484375,0.0522893232946299
N001257,N005818,different,0.1839662447257384,0.1875,0.003533755274261613
N001027,N005073,different,0.2506053268765133,0.25,0.0006053268765133235
N002169,N011831,different,0.2883895131086142,0.30078125,0.012391736891385785
N002691,N005271,different,0.179421768707483,0.18359375,0.004171981292517002
N005141,N007639,different,0.2473246135552913,0.29296875,0.04564413644470869
N000675,N005669,different,0.43859649122807015,0.46484375,0.02624725877192985
N005337,N011060,different,0.12375249500998003,0.13671875,0.012966254990019965
N001699,N004758,different,0.1744186046511628,0.18359375,0.009175145348837205
N007012,N009759,different,0.17791970802919707,0.171875,0.006044708029197071
N004855,N004856,same,0.6245954692556634,0.63671875,0.012123280744336551
N010491,N010492,same,0.6862944162436548,0.6796875,0.006606916243654837
N003270,N006319,different,0.15448504983388706,0.16796875,0.013483700166112944
N003144,N011859,different,0.4001937984496124,0.3984375,0.0017562984496123923
N000889,N000890,same,0.6031746031746031,0.58984375,0.013330853174603141
N001432,N001435,same,0.7268292682926829,0.78515625,0.058326981707317094
N008926,N010073,different,0.19015151515151515,0.19921875,0.009067234848484845
N006903,N010093,different,0.21064996084573218,0.2265625,0.015912539154267824
N000486,N000487,same,0.9745958429561201,0.9453125,0.029283342956120118
N006198,N007366,different,0.19314938154138916,0.2109375,0.017788118458610835
N004084,N004085,same,0.7063020214030915,0.765625,0.05932297859690849
N007902,N007976,different,0.5190641247833622,0.49609375,0.02297037478336217
N002019,N002021,same,0.5029644268774703,0.53515625,0.03219182312252966
N008725,N008728,same,0.634375,0.62890625,0.005468750000000022
N001957,N001958,same,0.9786407766990292,0.96875,0.009890776699029158
N005497,N008336,different,0.14871794871794872,0.17578125,0.027063301282051283
N009301,N009302,same,0.9699248120300752,0.984375,0.01445018796992481
N008499,N008952,different,0.36271186440677966,0.3828125,0.02010063559322034
N002300,N003674,different,0.18608414239482202,0.1796875,0.006396642394822016
N009680,N011001,different,0.1310344827586207,0.140625,0.009590517241379298
N005556,N006568,different,0.1386696730552424,0.171875,0.03320532694475761
N003574,N007121,different,0.27537593984962405,0.3046875,0.029311560150375948
N004353,N004355,same,0.5842044134727061,0.5703125,0.01389191347270613
N004438,N004442,same,0.8277777777777777,0.8203125,0.0074652777777777235
N004678,N004680,same,0.862796833773087,0.85546875,0.007328083773087024
N000056,N009414,different,0.12352941176470589,0.109375,0.014154411764705888
N005365,N009764,different,0.33406593406593404,0.375,0.040934065934065955
N002248,N003503,different,0.27155172413793105,0.265625,0.00592672413793105
N010508,N010509,same,0.36349453978159124,0.41796875,0.05447421021840876
N001817,N007306,different,0.15619967793880837,0.15625,5.032206119162663e-05
N003274,N007023,different,0.40186915887850466,0.359375,0.04249415887850466
N005079,N005080,same,0.37122128174123337,0.390625,0.019403718258766633
N000591,N011538,different,0.17672047578589634,0.1875,0.010779524214103664
N009925,N010387,different,0.18552875695732837,0.171875,0.013653756957328372
N001053,N002186,different,0.31926406926406925,0.3515625,0.03229843073593075
N008562,N009324,different,0.42995169082125606,0.421875,0.00807669082125606
N000250,N003051,different,0.16987179487179488,0.19921875,0.02934695512820512
N001525,N001678,different,0.43499511241446726,0.4375,0.0025048875855327446
N008599,N008602,same,0.5187667560321716,0.4921875,0.026579256032171594
N003942,N010918,different,0.2708333333333333,0.25390625,0.016927083333333315
N002513,N007637,different,0.4435763888888889,0.46875,0.025173611111111105
N009703,N009705,same,0.5167883211678832,0.5078125,0.008975821167883202
N004315,N009584,different,0.3971462544589774,0.375,0.022146254458977388
N010620,N010621,same,0.9395424836601307,0.92578125,0.013761233660130712
N008248,N008249,same,0.3859060402684564,0.4296875,0.043781459731543626
N005222,N005225,same,0.3861003861003861,0.37109375,0.015006636100386106
N002502,N002505,same,0.9373970345963756,0.953125,0.015727965403624422
N006200,N006201,same,0.40632054176072235,0.421875,0.015554458239277646
N000217,N002582,different,0.22692889561270801,0.234375,0.007446104387291985
N001207,N004094,different,0.29411764705882354,0.3046875,0.01056985294117646
N005453,N010471,different,0.29717514124293787,0.34375,0.04657485875706213
N001063,N005024,different,0.3374028856825749,0.3359375,0.0014653856825749267
N000697,N005493,different,0.11687087653157399,0.10546875,0.011402126531573992
N003555,N009272,different,0.12949640287769784,0.171875,0.04237859712230216
N005393,N007391,different,0.27305389221556886,0.30078125,0.02772735778443114
N006121,N009928,different,0.4363807728557964,0.40234375,0.034037022855796406
N004229,N006064,different,0.12605042016806722,0.1484375,0.022387079831932777
N003265,N010005,different,0.3270440251572327,0.32421875,0.0028252751572326873
N007303,N007376,different,0.15284249767008387,0.1640625,0.011220002329916129
N005512,N007327,different,0.38254310344827586,0.38671875,0.004175646551724144
N009065,N011122,different,0.13897596656217345,0.140625,0.001649033437826547
N001376,N001377,same,0.42660550458715596,0.45703125,0.03042574541284404
N000357,N000359,same,0.7351778656126482,0.78515625,0.049978384387351804
N008677,N011938,different,0.32068543451652387,0.3203125,0.00037293451652387066
N002197,N002198,same,0.4807162534435262,0.50390625,0.023189996556473802
N001905,N005873,different,0.4180952380952381,0.40625,0.011845238095238075
N007497,N007499,same,0.6275626423690205,0.66796875,0.040406107630979515
N007334,N007335,same,0.9361344537815126,0.93359375,0.00254070378151261
N002570,N005618,different,0.16470588235294117,0.171875,0.007169117647058826
N001074,N002707,different,0.17096018735362997,0.2109375,0.03997731264637003
N003691,N004544,different,0.12172284644194757,0.1484375,0.02671465355805243
N003415,N008452,different,0.4143897996357013,0.4609375,0.04654770036429873
N011716,N011717,same,0.9763406940063092,0.98046875,0.004128055993690816
N001083,N011985,different,0.33428981348637016,0.38671875,0.05242893651362984
N011499,N011500,same,0.992797118847539,1.0,0.007202881152461038
N004212,N009766,different,0.4238646482635797,0.37890625,0.044958398263579724
N002974,N006457,different,0.2310007524454477,0.2421875,0.01118674755455229
N003854,N003855,same,0.6835443037974683,0.74609375,0.06254944620253167
N005378,N005379,same,0.946376811594203,0.94921875,0.002841938405797051
N011829,N011830,same,0.9560117302052786,0.9453125,0.010699230205278631
N005326,N006145,different,0.26523297491039427,0.2734375,0.00820452508960573
N006145,N006146,same,0.5718085106382979,0.515625,0.05618351063829785
N002008,N003498,different,0.33764553686934023,0.39453125,0.056885713130659765
N010513,N010514,same,0.9435396308360477,0.9296875,0.013852130836047749
N000443,N006009,different,0.1274787535410765,0.125,0.0024787535410764894
N000043,N000050,same,0.9737654320987654,0.96875,0.005015432098765427
N008967,N008968,same,0.29204892966360857,0.3125,0.02045107033639143
N002801,N002802,same,0.5791245791245792,0.6015625,0.022437920875420847
N000119,N009303,different,0.1195551436515292,0.12109375,0.0015386063484708057
N002058,N002059,same,0.9540507859733979,0.953125,0.0009257859733978746
N001325,N009136,different,0.25770308123249297,0.25390625,0.00379683123249297
N003642,N009092,different,0.2602739726027397,0.2734375,0.013163527397260288
N004298,N004299,same,0.9761904761904762,0.984375,0.008184523809523836
N007729,N007732,same,0.9800399201596807,0.9765625,0.0034774201596806664
N007652,N008774,different,0.48322147651006714,0.49609375,0.012872273489932862
N000834,N001578,different,0.1634689178818112,0.1953125,0.0318435821181888
N002673,N009844,different,0.4190260475651189,0.39453125,0.02449479756511891
N003008,N009152,different,0.26516052318668254,0.234375,0.03078552318668254
N001326,N001328,same,0.5934343434343434,0.59375,0.00031565656565657463
N009445,N009562,different,0.5763125763125763,0.55859375,0.017718826312576264
N005985,N009162,different,0.18755118755118755,0.17578125,0.011769937551187548
N004071,N004072,same,0.946360153256705,0.9453125,0.0010476532567049723
N000384,N002019,different,0.1584241408214585,0.15625,0.0021741408214585034
N003494,N003495,same,0.21878579610538373,0.21484375,0.003942046105383734
N005806,N011786,different,0.21909547738693466,0.20703125,0.012064227386934662
N011420,N011984,different,0.43394495412844036,0.453125,0.019180045871559637
N006646,N009384,different,0.14285714285714285,0.15234375,0.00948660714285715
N002639,N002640,same,0.912621359223301,0.88671875,0.02590260922330101
N006541,N009386,different,0.38562874251497004,0.34765625,0.037972492514970035
N006760,N008055,different,0.45768566493955093,0.50390625,0.04622058506044907
N001785,N004629,different,0.4211099020674646,0.3984375,0.022672402067464625
N000741,N000745,same,0.9445324881141046,0.95703125,0.012498761885895382
N008186,N009304,different,0.19327073552425664,0.21875,0.025479264475743363
N001323,N006364,different,0.28134556574923547,0.31640625,0.03506068425076453
N003863,N010008,different,0.1802030456852792,0.2109375,0.0307344543147208
N000058,N000184,different,0.4351219512195122,0.41796875,0.017153201219512193
N000412,N004657,different,0.18962848297213622,0.1953125,0.00568401702786378
N000926,N003644,different,0.47523809523809524,0.51171875,0.03648065476190476
N004369,N008199,different,0.3460246360582307,0.35546875,0.009444113941769305
N003450,N006996,different,0.2425828970331588,0.31640625,0.0738233529668412
N004410,N006730,different,0.149800796812749,0.16015625,0.010355453187251007
N006041,N011988,different,0.16342412451361868,0.1640625,0.0006383754863813207
N004913,N010317,different,0.346711259754738,0.359375,0.012663740245262012
N007995,N007997,same,0.6515151515151515,0.69921875,0.04770359848484851
N001334,N006274,different,0.17820945945945946,0.18359375,0.005384290540540543
N004939,N011284,different,0.13028169014084506,0.14453125,0.014249559859154937
N005634,N006584,different,0.26329113924050634,0.296875,0.033583860759493656
N003301,N003302,same,0.6022304832713755,0.61328125,0.011050766728624484
N002267,N010375,different,0.2833333333333333,0.3125,0.029166666666666674
N003158,N007300,different,0.25107851596203623,0.26953125,0.01845273403796377
N002085,N007988,different,0.29603399433427763,0.3203125,0.024278505665722372
N001118,N001120,same,0.9399141630901288,0.94921875,0.009304586909871237
N000030,N006079,different,0.30604026845637583,0.26953125,0.03650901845637583
N005137,N009628,different,0.290956749672346,0.328125,0.03716825032765397
N004055,N008225,different,0.14681440443213298,0.1640625,0.017248095567867022
N001879,N004065,different,0.19655442443226312,0.23046875,0.03391432556773688
N000486,N011101,different,0.33104395604395603,0.36328125,0.032237293956043966
N007430,N010330,different,0.4713493530499076,0.5390625,0.0677131469500924
N006041,N009700,different,0.4203480589022758,0.4140625,0.0062855589022757785
N000297,N003849,different,0.17911714770797962,0.19140625,0.012289102292020376
N003611,N007188,different,0.287012987012987,0.32421875,0.037205762987013
N009978,N009979,same,0.4671689989235737,0.5234375,0.05626850107642628
N001022,N001023,same,0.6222732491389208,0.640625,0.018351750861079208
N001629,N005005,different,0.24715447154471545,0.27734375,0.030189278455284546
N002923,N007247,different,0.17444717444717445,0.2109375,0.03649032555282555
N003164,N009587,different,0.20686070686070687,0.24609375,0.03923304313929313
N006832,N010598,different,0.22111706197398623,0.2578125,0.03669543802601377
N006511,N006512,same,0.6259977194982896,0.66015625,0.03415853050171036
N002304,N009060,different,0.14914914914914915,0.15625,0.007100850850850854
N002106,N006701,different,0.3227699530516432,0.3203125,0.002457453051643188
N006856,N006857,same,0.6700581395348837,0.72265625,0.05259811046511631
N003821,N009085,different,0.47416762342135477,0.49609375,0.021926126578645233
N004522,N009816,different,0.5142857142857142,0.515625,0.001339285714285765
N008514,N008515,same,0.45532435740514077,0.44921875,0.006105607405140767
N008382,N009718,different,0.13976164680390032,0.12890625,0.010855396803900325
N005805,N011332,different,0.44432432432432434,0.4453125,0.0009881756756756621
N004216,N004699,different,0.29747675962815406,0.3046875,0.007210740371845936
N001432,N008873,different,0.42762535477767266,0.359375,0.06825035477767266
N002149,N003382,different,0.11145833333333334,0.125,0.01354166666666666
N004731,N009345,different,0.3706896551724138,0.390625,0.019935344827586188
N002163,N002307,different,0.38204393505253104,0.3515625,0.030481435052531036
N002952,N008752,different,0.30394736842105263,0.34375,0.03980263157894737
N000745,N005843,different,0.26626506024096386,0.26953125,0.003266189759036142
N005260,N011019,different,0.1161939615736505,0.11328125,0.0029127115736505005
N002299,N009882,different,0.1440677966101695,0.15625,0.012182203389830504
N002171,N005867,different,0.20445344129554655,0.2109375,0.006484058704453455
N005334,N007457,different,0.2921615201900237,0.328125,0.03596347980997627
N005304,N005305,same,0.9138686131386862,0.91796875,0.00410013686131383
N005134,N005135,same,0.5907127429805615,0.6171875,0.026474757019438466
N000982,N005390,different,0.30952380952380953,0.30078125,0.008742559523809534
N002992,N009046,different,0.43438453713123093,0.3984375,0.03594703713123093
N000628,N000633,same,0.3698224852071006,0.3828125,0.012990014792899407
N000573,N006170,different,0.16891891891891891,0.18359375,0.014674831081081086
N010406,N010408,same,0.916030534351145,0.9375,0.02146946564885499
N002446,N002447,same,0.6932515337423313,0.77734375,0.08409221625766872
N000735,N001335,different,0.4486652977412731,0.45703125,0.008365952258726883
N008238,N011480,different,0.39076576576576577,0.36328125,0.02748451576576577
N000321,N000443,different,0.12395833333333334,0.109375,0.014583333333333337
N007541,N007546,same,0.33567251461988307,0.3671875,0.03151498538011693
N002683,N007848,different,0.15247895229186156,0.17578125,0.023302297708138436
N009983,N009985,same,0.2693920335429769,0.234375,0.035017033542976916
N007568,N007570,same,0.43256997455470736,0.4140625,0.01850747455470736
N005448,N005962,different,0.28892005610098176,0.296875,0.00795494389901824
N004767,N004768,same,0.9166666666666666,0.9375,0.02083333333333337
N007023,N007916,different,0.42762535477767266,0.38671875,0.04090660477767266
N000315,N000316,same,0.5537294563843237,0.5703125,0.016583043615676307
N001578,N002947,different,0.191904047976012,0.2578125,0.06590845202398801
N009857,N010711,different,0.31139240506329113,0.3515625,0.04017009493670887
N002290,N003634,different,0.46547314578005117,0.4921875,0.026714354219948833
N011438,N011440,same,0.7033773861967695,0.75390625,0.05052886380323052
N010035,N011646,different,0.3183279742765273,0.34765625,0.029328275723472685
N001295,N001296,same,0.7031484257871065,0.76171875,0.05857032421289354
N005825,N010265,different,0.28762135922330095,0.33984375,0.052222390776699046
N002351,N005508,different,0.4610266159695818,0.4609375,8.91159695817767e-05
N011075,N011077,same,0.9437869822485208,0.9453125,0.001525517751479244
N011335,N011336,same,0.41580756013745707,0.46484375,0.049036189862542934
N000514,N011152,different,0.4517625231910946,0.40234375,0.04941877319109461
N010762,N010766,same,0.9440894568690096,0.95703125,0.01294179313099042
N001314,N003288,different,0.4783950617283951,0.46875,0.009645061728395077
N001403,N001405,same,0.2390608324439701,0.26171875,0.02265791755602989
N010389,N010391,same,0.8896210873146623,0.8828125,0.006808587314662273
N001258,N001261,same,0.9179566563467493,0.9296875,0.011730843653250722
N003574,N011053,different,0.3989071038251366,0.34375,0.05515710382513661
N001484,N005371,different,0.3692458374142997,0.33984375,0.029402087414299727
N005426,N005427,same,0.9323467230443975,0.9609375,0.028590776955602526
N008443,N010211,different,0.19222139117427076,0.18359375,0.008627641174270756
N005517,N011613,different,0.12449392712550607,0.1328125,0.008318572874493932
N005828,N010514,different,0.1440329218106996,0.14453125,0.000498328189300401
N011154,N011156,same,0.6482465462274176,0.640625,0.007621546227417619
N002595,N003310,different,0.2591549295774648,0.26171875,0.0025638204225352235
N008630,N011336,different,0.4845474613686534,0.48828125,0.0037337886313466018
N004951,N008794,different,0.36266924564796904,0.34375,0.01891924564796904
N000391,N004186,different,0.37969924812030076,0.359375,0.02032424812030076
N000166,N008677,different,0.28773584905660377,0.30078125,0.013045400943396235
N009154,N011317,different,0.3333333333333333,0.3359375,0.002604166666666685
N002589,N009612,different,0.37710843373493974,0.3515625,0.02554593373493974
N008268,N009916,different,0.3934942287513116,0.375,0.018494228751311625
N002316,N002317,same,0.5,0.546875,0.046875
N006596,N011033,different,0.17079646017699116,0.1875,0.016703539823008845
N010106,N010107,same,0.43349753694581283,0.41015625,0.023341286945812834
N008409,N008410,same,0.9537037037037037,0.93359375,0.02010995370370372
N001937,N007430,different,0.4208924949290061,0.40625,0.0146424949290061
N000078,N006886,different,0.28923076923076924,0.33203125,0.042800480769230764
N010999,N011001,same,0.3567567567567568,0.37109375,0.014336993243243223
N001357,N010788,different,0.29295154185022027,0.31640625,0.023454708149779735
N000906,N011149,different,0.37861915367483295,0.39453125,0.015912096325167047
N003435,N009318,different,0.3224043715846995,0.38671875,0.06431437841530052
N002916,N004445,different,0.2809667673716012,0.27734375,0.0036230173716012004
N003770,N011367,different,0.30197268588770865,0.27734375,0.024628935887708647
N010980,N010981,same,0.6586134453781513,0.6328125,0.025800945378151252
N005040,N005041,same,0.8752475247524752,0.85546875,0.019778774752475248
N008937,N008938,same,0.25165562913907286,0.296875,0.045219370860927144
N002071,N006588,different,0.15040650406504066,0.14453125,0.005875254065040664
N010261,N011914,different,0.4152397260273973,0.4375,0.022260273972602718
N000670,N000671,same,0.9404761904761905,0.95703125,0.016555059523809534
N000489,N007029,different,0.3166144200626959,0.3203125,0.0036980799373040885
N007633,N010942,different,0.23617021276595745,0.265625,0.029454787234042545
N005243,N006569,different,0.15949119373776907,0.1796875,0.02019630626223093
N001083,N001567,different,0.27599486521181,0.3125,0.03650513478819001
N000282,N006591,different,0.29411764705882354,0.3046875,0.01056985294117646
N003362,N003364,same,0.9880715705765407,0.98828125,0.0002096794234592858
N005927,N008816,different,0.4349680170575693,0.421875,0.013093017057569323
N001289,N001291,same,0.2897102897102897,0.296875,0.007164710289710274
N005231,N005232,same,0.9224806201550387,0.9296875,0.007206879844961267
N003835,N003837,same,0.7638888888888888,0.8046875,0.04079861111111116
N004167,N005115,different,0.4723557692307692,0.44921875,0.023137019230769218
N002040,N003281,different,0.32325581395348835,0.33203125,0.008775436046511653
N002605,N010853,different,0.41687979539641945,0.37890625,0.03797354539641945
N011139,N011793,different,0.18816388467374812,0.19140625,0.0032423653262518837
N001458,N002506,different,0.25396825396825395,0.24609375,0.007874503968253954
N007148,N011853,different,0.4653767820773931,0.4765625,0.01118571792260692
N001791,N008583,different,0.3791208791208791,0.35546875,0.023652129120879106
N008993,N008995,same,0.9261992619926199,0.9453125,0.019113238007380073
N004043,N004218,different,0.33874458874458874,0.32421875,0.014525838744588737
N011601,N011603,same,0.9269162210338681,0.94140625,0.01449002896613194
N002945,N010292,different,0.23117338003502627,0.20703125,0.02414213003502627
N006385,N011130,different,0.3552036199095023,0.34375,0.011453619909502277
N006764,N009477,different,0.37682926829268293,0.40234375,0.02551448170731707
N004409,N011892,different,0.26068003487358327,0.2890625,0.028382465126416734
N000023,N002700,different,0.34279918864097364,0.328125,0.01467418864097364
N001669,N003264,different,0.2689075630252101,0.27734375,0.008436186974789928
N002831,N008460,different,0.16799420709630702,0.1953125,0.027318292903692976
N004184,N005163,different,0.17331163547599673,0.203125,0.029813364524003266
N009665,N011482,different,0.12099358974358974,0.125,0.004006410256410256
N000340,N009553,different,0.1354071363220494,0.1484375,0.013030363677950602
N002043,N008828,different,0.25951557093425603,0.25,0.009515570934256035
N003466,N003469,same,0.6031363088057901,0.59765625,0.005480058805790056
N005064,N005067,same,0.7287104622871047,0.78515625,0.05644578771289532
N000030,N007467,different,0.2842582106455266,0.26171875,0.022539460645526588
N011900,N011901,same,0.5476190476190477,0.55078125,0.003162202380952328
N006901,N008943,different,0.31715976331360946,0.30078125,0.016378513313609455
N003415,N005750,different,0.16375968992248063,0.19140625,0.027646560077519367
N005350,N005352,same,0.40070921985815605,0.41015625,0.009447030141843948
N007614,N008823,different,0.18230358504958047,0.2109375,0.02863391495041953
N004333,N008255,different,0.2878625134264232,0.30078125,0.012918736573576783
N009495,N009521,different,0.1828665568369028,0.234375,0.05150844316309719
N006462,N006463,same,0.9473684210526315,0.953125,0.005756578947368474
N001629,N008262,different,0.36502347417840375,0.39453125,0.02950777582159625
N002516,N010795,different,0.3451995685005394,0.3515625,0.0063629314994606
N006622,N006623,same,0.7690355329949239,0.7890625,0.020026967005076113
N010081,N010082,same,0.6694129763130793,0.66015625,0.009256726313079278
N007560,N007561,same,0.6014492753623188,0.59375,0.007699275362318847
N005941,N006998,different,0.44350580781414994,0.48046875,0.036962942185850056
N004062,N004438,different,0.2614742698191933,0.26953125,0.008056980180806694
N000990,N002973,different,0.169002473206925,0.16796875,0.0010337232069249913
N008321,N008641,different,0.41116173120728927,0.37109375,0.04006798120728927
N008561,N008562,same,0.6899441340782123,0.75390625,0.06396211592178769
N001360,N001361,same,0.9692307692307692,0.92578125,0.04344951923076923
N008993,N008994,same,0.967680608365019,0.96484375,0.0028368583650190127
N005108,N005109,same,0.7512315270935961,0.796875,0.045643472906403915
N001983,N001984,same,0.6055900621118012,0.6953125,0.08972243788819878
N006038,N009049,different,0.17585089141004862,0.1953125,0.019461608589951385
N001413,N007076,different,0.28125,0.26953125,0.01171875
N005772,N005776,same,0.3419593345656192,0.3359375,0.006021834565619222
N000237,N009075,different,0.48443579766536965,0.49609375,0.01165795233463035
N011043,N011048,same,0.27992957746478875,0.30078125,0.020851672535211252
N004742,N006981,different,0.2689393939393939,0.296875,0.027935606060606077
N004801,N004802,same,0.5647798742138365,0.5625,0.0022798742138364636
N003994,N003995,same,0.24066029539530842,0.2265625,0.014097795395308421
N000643,N009675,different,0.4369230769230769,0.42578125,0.011141826923076914
N006086,N006087,same,0.912781954887218,0.90625,0.006531954887218028
N000266,N010102,different,0.354978354978355,0.35546875,0.0004903950216449959
N005028,N009701,different,0.3084795321637427,0.359375,0.05089546783625731
N009670,N009671,same,0.9114583333333334,0.8984375,0.01302083333333337
N001005,N001804,different,0.418,0.43359375,0.015593750000000017
N005314,N010609,different,0.4734625105307498,0.52734375,0.05388123946925022
N000417,N000419,same,0.9131614654002713,0.91796875,0.004807284599728678
N011041,N011048,same,0.26255506607929513,0.27734375,0.01478868392070487
N000992,N001435,different,0.2916666666666667,0.2734375,0.018229166666666685
N004107,N008166,different,0.17763157894736842,0.1796875,0.002055921052631582
N002590,N002591,same,0.9411764705882353,0.96875,0.02757352941176472
N005119,N005121,same,0.699594046008119,0.765625,0.06603095399188097
N002826,N007185,different,0.14001806684733514,0.140625,0.0006069331526648569
N009349,N009350,same,0.900749063670412,0.875,0.025749063670411965
N003121,N005007,different,0.15950413223140497,0.203125,0.04362086776859503
N002947,N003566,different,0.10845431255337319,0.1171875,0.008733187446626808
N000485,N000488,same,0.8514644351464435,0.86328125,0.011816814853556457
N004349,N011691,different,0.44103992571959144,0.4140625,0.02697742571959144
N011281,N011282,same,0.7378516624040921,0.81640625,0.07855458759590794
N003865,N009372,different,0.18638297872340426,0.1796875,0.006695478723404258
N001198,N010109,different,0.45938375350140054,0.37890625,0.08047750350140054
N011975,N011976,same,0.6896024464831805,0.74609375,0.056491303516819524
N006419,N007183,different,0.1322314049586777,0.140625,0.00839359504132231
N010407,N010605,different,0.27365356622998543,0.28125,0.007596433770014566
N009079,N010570,different,0.4681724845995893,0.46484375,0.0033287345995893225
N001415,N006560,different,0.39764201500535906,0.39453125,0.003110765005359062
N001653,N001654,same,0.6431718061674009,0.6953125,0.052140693832599116
N003355,N003823,different,0.1466346153846154,0.1953125,0.04867788461538461
N000355,N005276,different,0.38590956887486855,0.3984375,0.012527931125131453
N007573,N007574,same,0.42016806722689076,0.46875,0.04858193277310924
N007999,N008002,same,0.9444444444444444,0.95703125,0.01258680555555558
N007057,N010814,different,0.11825192802056556,0.13671875,0.018466821979434445
N000264,N009708,different,0.31329113924050633,0.32421875,0.010927610759493667
N008825,N008828,same,0.5766710353866317,0.609375,0.03270396461336833
N001284,N006893,different,0.23732549595885377,0.25390625,0.01658075404114623
N011033,N011035,same,0.9458794587945879,0.9609375,0.015058041205412098
N004348,N004349,same,0.4772727272727273,0.48046875,0.003196022727272707
N004177,N010930,different,0.29806598407281,0.3203125,0.022246515927190014
N003845,N003847,same,0.6205357142857143,0.625,0.004464285714285698
N004106,N004107,same,0.27174975562072334,0.3125,0.04075024437927666
N007911,N009413,different,0.2594202898550725,0.2734375,0.014017210144927517
N001010,N001011,same,0.32885211995863495,0.33203125,0.0031791300413650525
N009213,N010572,different,0.18826135105204872,0.234375,0.04611364894795128
N006364,N006366,same,0.2697274031563845,0.32421875,0.05449134684361551
N001447,N003703,different,0.25886524822695034,0.25,0.00886524822695034
N009727,N010185,different,0.19594594594594594,0.23828125,0.04233530405405406
N000605,N002652,different,0.2654377880184332,0.3125,0.04706221198156679
N004016,N004017,same,0.2350061199510404,0.25390625,0.0189001300489596
N010689,N011576,different,0.16303400174367916,0.171875,0.008840998256320842
N001733,N001734,same,0.8075949367088607,0.81640625,0.008811313291139267
N004845,N007461,different,0.17227564102564102,0.20703125,0.034755608974358976
N010880,N010881,same,0.8105413105413105,0.80078125,0.009760060541310511
N000498,N001176,different,0.3142174432497013,0.3046875,0.0095299432497013
N001285,N003729,different,0.18496538081107813,0.15234375,0.032621630811078134
N006173,N008196,different,0.2979683972911964,0.28515625,0.012812147291196396
N008110,N009707,different,0.44953271028037384,0.41796875,0.03156396028037384
N007193,N010619,different,0.4681344148319815,0.44140625,0.026728164831981482
N000561,N003679,different,0.46077547339945896,0.4765625,0.015787026600541043
N003026,N003027,same,0.6591928251121076,0.72265625,0.06346342488789236
N004552,N004553,same,0.7706896551724138,0.7578125,0.012877155172413834
N007647,N009169,different,0.4348279457768509,0.41015625,0.02467169577685091
N005744,N010823,different,0.40130151843817785,0.40625,0.004948481561822149
N001880,N002772,different,0.17336683417085427,0.203125,0.029758165829145727
N003351,N006982,different,0.19314938154138916,0.19140625,0.0017431315413891646
N006591,N011935,different,0.39215686274509803,0.41015625,0.017999387254901966
N008482,N010584,different,0.2983425414364641,0.3359375,0.037594958563535896
N005814,N006544,different,0.14916666666666667,0.1484375,0.0007291666666666696
N006622,N006638,different,0.1539961013645224,0.1640625,0.010066398635477591
N008603,N010598,different,0.18158783783783783,0.19921875,0.01763091216216217
N000753,N000755,same,0.910948905109489,0.93359375,0.022644844890510996
N006153,N009437,different,0.4479283314669653,0.390625,0.05730333146696531
N002548,N010207,different,0.4894230769230769,0.50390625,0.014483173076923095
N004026,N010431,different,0.2935672514619883,0.3359375,0.04237024853801169
N000339,N002440,different,0.27837837837837837,0.33203125,0.053652871621621634
N000964,N008611,different,0.40084835630965004,0.4296875,0.028839143690349955
N001833,N004195,different,0.4336569579288026,0.47265625,0.0389992920711974
N001282,N004950,different,0.1404541631623213,0.15625,0.01579583683767871
N000030,N009868,different,0.27065868263473053,0.2890625,0.01840381736526947
N001010,N004708,different,0.45962732919254656,0.4140625,0.04556482919254656
N000566,N008517,different,0.20808383233532934,0.2265625,0.018478667664670656
N011092,N011095,same,0.7396313364055299,0.7734375,0.033806163594470084
N001983,N009014,different,0.2496513249651325,0.25,0.0003486750348674905
N005044,N005045,same,0.9336099585062241,0.9375,0.00389004149377592
N003201,N003203,same,0.9875311720698254,0.984375,0.003156172069825436
N000238,N001915,different,0.3425827107790822,0.35546875,0.0128860392209178
N000461,N004754,different,0.4929078014184397,0.48046875,0.012439051418439706
N000135,N010890,different,0.1490125673249551,0.14453125,0.004481317324955103
N011414,N011759,different,0.2794561933534743,0.26953125,0.009924943353474325
N003751,N007825,different,0.23037790697674418,0.265625,0.03524709302325582
N006774,N009531,different,0.5092307692307693,0.46875,0.040480769230769265
N000516,N006620,different,0.24798387096774194,0.29296875,0.04498487903225806
N004325,N004949,different,0.29155313351498635,0.31640625,0.02485311648501365
N000557,N004353,different,0.26881720430107525,0.2578125,0.011004704301075252
N000286,N008208,different,0.47058823529411764,0.453125,0.01746323529411764
N002691,N010535,different,0.4871541501976285,0.4609375,0.026216650197628477
N000490,N006570,different,0.3935091277890467,0.39453125,0.0010221222109533246
N005692,N009368,different,0.14393939393939395,0.1640625,0.02012310606060605
N006324,N006325,same,0.584717607973422,0.5703125,0.014405107973421982
N004951,N011682,different,0.44548872180451127,0.39453125,0.05095747180451127
N010982,N010985,same,0.6651270207852193,0.6953125,0.030185479214780653
N009834,N009835,same,0.6202321724709784,0.7265625,0.1063303275290216
N003500,N003501,same,0.7112068965517241,0.765625,0.05441810344827591
N010499,N011269,different,0.11885612153708669,0.12890625,0.01005012846291331
N005257,N010502,different,0.16793313069908813,0.21875,0.050816869300911865
N003920,N006487,different,0.20868347338935575,0.23046875,0.02178527661064425
N011834,N011835,same,0.9015384615384615,0.9375,0.03596153846153849
N004364,N007454,different,0.21518987341772153,0.23828125,0.023091376582278472
N004158,N008744,different,0.3058064516129032,0.375,0.06919354838709679
N005771,N006045,different,0.13346814964610718,0.1484375,0.014969350353892824
N001865,N011525,different,0.3340987370838117,0.37109375,0.036995012916188286
N001362,N001363,same,0.26119402985074625,0.265625,0.0044309701492537545
N009863,N009866,same,0.33291457286432163,0.33984375,0.006929177135678366
N000175,N002508,different,0.3669527896995708,0.390625,0.02367221030042921
N006545,N006546,same,0.7339003645200486,0.7734375,0.03953713547995141
N000215,N005986,different,0.4275510204081633,0.453125,0.025573979591836715
N004433,N011613,different,0.1549067315490673,0.15234375,0.0025629815490673113
N000064,N010912,different,0.13688524590163934,0.1640625,0.027177254098360665
N008572,N009975,different,0.2542579075425791,0.265625,0.011367092457420902
N000431,N001948,different,0.1771019677996422,0.21484375,0.03774178220035779
N002598,N004139,different,0.28837209302325584,0.359375,0.07100290697674416
N007063,N007064,same,0.7262723521320495,0.78125,0.05497764786795045
N008238,N008239,same,0.6742323097463284,0.734375,0.06014269025367158
N000518,N009485,different,0.1111111111111111,0.10546875,0.005642361111111105
N003093,N003735,different,0.16029900332225913,0.17578125,0.015482246677740868
N001977,N007620,different,0.16376582278481014,0.1875,0.02373417721518986
N009205,N009208,same,0.43202764976958524,0.46875,0.03672235023041476
N003317,N010218,different,0.22966507177033493,0.25,0.020334928229665067
N006112,N006266,different,0.17844827586206896,0.18359375,0.005145474137931039
N003208,N003758,different,0.19854132901134522,0.21484375,0.01630242098865478
N008188,N008190,same,0.9741379310344828,0.9765625,0.0024245689655172376
N003051,N011987,different,0.16463909164639093,0.203125,0.03848590835360907
N001446,N004867,different,0.20428015564202334,0.20703125,0.002751094357976658
N000895,N009304,different,0.44934445768772346,0.43359375,0.015750707687723464
N000161,N010769,different,0.12344656172328086,0.125,0.001553438276719138
N003327,N003328,same,0.6376963350785341,0.65234375,0.014647414921465929
N008176,N010603,different,0.1697381183317168,0.1796875,0.009949381668283214
N001633,N001634,same,0.34275618374558303,0.37109375,0.028337566254416968
N004001,N007546,different,0.518578352180937,0.48046875,0.03810960218093695
N000937,N000938,same,0.538562091503268,0.5703125,0.03175040849673205
N008048,N008050,same,0.9420529801324503,0.953125,0.011072019867549687
N004328,N008917,different,0.26187050359712233,0.26953125,0.007660746402877672
N004757,N008828,different,0.29345088161209065,0.2890625,0.004388381612090653
N005397,N005398,same,0.33210332103321033,0.33203125,7.207103321033026e-05
N001291,N007292,different,0.29775880469583776,0.28125,0.016508804695837764
N007205,N007207,same,1.0,1.0,0.0
N002229,N011361,different,0.4586255259467041,0.4140625,0.04456302594670408
N005375,N005716,different,0.18991964937910885,0.203125,0.013205350620891149
N002758,N002818,different,0.26370757180156656,0.31640625,0.052698678198433435
N009564,N011151,different,0.4735973597359736,0.5,0.02640264026402639
N008487,N008488,same,0.941923774954628,0.9453125,0.003388725045372021
N007856,N007858,same,0.6594090202177294,0.7265625,0.0671534797822706
N000647,N001025,different,0.15683104284559418,0.19140625,0.03457520715440582
N003489,N010336,different,0.2853146853146853,0.29296875,0.00765406468531471
N000327,N009318,different,0.28067885117493474,0.32421875,0.04353989882506526
N005431,N006150,different,0.18280467445742904,0.1953125,0.01250782554257096
N002684,N004549,different,0.16597853014037986,0.21484375,0.04886521985962014
N005744,N007062,different,0.14359861591695502,0.15234375,0.008745134083044975
N004248,N011184,different,0.27116212338593976,0.28515625,0.013994126614060243
N003020,N003021,same,0.4420131291028446,0.46875,0.026736870897155374
N000160,N003947,different,0.35023041474654376,0.39453125,0.04430083525345624
N006712,N008335,different,0.2918848167539267,0.31640625,0.02452143324607331
N000843,N005365,different,0.25254237288135595,0.2421875,0.010354872881355948
N011628,N011629,same,0.30604982206405695,0.33984375,0.03379392793594305
N000026,N011332,different,0.48484848484848486,0.52734375,0.04249526515151514
N003058,N009240,different,0.23481781376518218,0.24609375,0.011275936234817818
N000396,N000397,same,0.35550935550935553,0.33984375,0.01566560550935553
N006146,N006401,different,0.17834890965732086,0.171875,0.006473909657320864
N007004,N011967,different,0.28125,0.31640625,0.03515625
N002229,N002230,same,0.4562874251497006,0.5234375,0.06715007485029939
N002088,N011862,different,0.3612040133779264,0.35546875,0.005735263377926403
N004709,N004711,same,0.9349904397705545,0.93359375,0.0013966897705545156
N001940,N002621,different,0.1897590361445783,0.18359375,0.006165286144578314
N004803,N004804,same,0.8838174273858921,0.92578125,0.041963822614107915
N003748,N011207,different,0.12813852813852813,0.13671875,0.008580221861471865
N001623,N010411,different,0.13133208255159476,0.16796875,0.03663666744840524
N002821,N007053,different,0.4196242171189979,0.37109375,0.04853046711899789
N001977,N006802,different,0.4876847290640394,0.51953125,0.031846520935960576
N000993,N011320,different,0.3328912466843501,0.359375,0.026483753315649894
N008784,N011076,different,0.4890282131661442,0.4921875,0.003159286833855801
N001137,N005072,different,0.21262766945218198,0.21875,0.006122330547818022
N007487,N007491,same,0.4847161572052402,0.4921875,0.0074713427947598055
N002401,N005487,different,0.28554502369668244,0.27734375,0.008201273696682443
N001101,N002086,different,0.20160116448326054,0.2265625,0.024961335516739458
N004655,N010935,different,0.48878923766816146,0.48046875,0.008320487668161458
N004085,N004086,same,0.9107142857142857,0.921875,0.011160714285714302
N003125,N003127,same,0.9419568822553898,0.94140625,0.0005506322553897602
N001101,N001666,different,0.18373729476153244,0.19140625,0.007668955238467556
N001141,N001142,same,0.2882882882882883,0.31640625,0.028117961711711714
N006480,N008863,different,0.10968494749124855,0.140625,0.030940052508751453
N000817,N011666,different,0.45966958211856174,0.3984375,0.06123208211856174
N000219,N003185,different,0.288,0.25,0.03799999999999998
N001988,N006863,different,0.18324607329842932,0.1796875,0.0035585732984293184
N009478,N009479,same,0.6434511434511434,0.6484375,0.004986356548856596
N001784,N005288,different,0.16506717850287908,0.17578125,0.01071407149712092
N001436,N002155,different,0.125,0.1328125,0.0078125
N006423,N011777,different,0.2942453854505972,0.33984375,0.0455983645494028
N006565,N006569,same,0.3311827956989247,0.34765625,0.016473454301075274
N003427,N006396,different,0.32994186046511625,0.3828125,0.052870639534883745
N009745,N009848,different,0.4518647007805724,0.46875,0.016885299219427607
N002762,N002765,same,0.5979643765903307,0.609375,0.011410623409669252
N000065,N000124,different,0.19305331179321486,0.20703125,0.01397793820678514
N001140,N008945,different,0.23512747875354106,0.26171875,0.026591271246458936
N002973,N002974,same,0.7457627118644068,0.73828125,0.007481461864406791
N006774,N006775,same,0.366412213740458,0.39453125,0.028119036259541985
N011429,N011433,same,0.6106194690265486,0.63671875,0.026099280973451378
N009822,N009823,same,0.3337423312883436,0.34765625,0.013913918711656426
N009371,N009372,same,0.6423118865866958,0.625,0.0173118865866958
N001006,N009138,different,0.31901840490797545,0.30859375,0.01042465490797545
N000723,N009281,different,0.16286388670338317,0.17578125,0.01291736329661683
N000259,N003124,different,0.3408845738942826,0.37109375,0.030209176105717384
N002544,N002792,different,0.47106598984771575,0.47265625,0.0015902601522842508
N002931,N008664,different,0.3188854489164087,0.3671875,0.04830205108359131
N000990,N002132,different,0.42281219272369713,0.3671875,0.05562469272369713
N005946,N007449,different,0.20711743772241992,0.21875,0.011632562277580083
N004307,N010960,different,0.29892761394101874,0.30078125,0.0018536360589812562
N005835,N008645,different,0.47165532879818595,0.453125,0.018530328798185947
N001422,N004687,different,0.36038961038961037,0.36328125,0.002891639610389629
N007233,N007728,different,0.13563605728727884,0.140625,0.004988942712721156
N009592,N009782,different,0.32721010332950634,0.37890625,0.05169614667049366
N011533,N011534,same,0.5661057692307693,0.5390625,0.027043269230769273
N005300,N005301,same,0.9464052287581699,0.94140625,0.004998978758169903
N005855,N007938,different,0.2854006586169045,0.3125,0.0270993413830955
N007921,N007922,same,0.5973509933774834,0.6484375,0.05108650662251657
N001521,N006976,different,0.39087656529516995,0.43359375,0.04271718470483005
N000725,N008406,different,0.4530493707647628,0.43359375,0.019455620764762815
N004174,N006820,different,0.29381443298969073,0.3046875,0.010873067010309267
N000607,N004665,different,0.29846938775510207,0.25,0.04846938775510207
N003228,N006079,different,0.2851662404092072,0.33203125,0.04686500959079282
N010506,N010507,same,0.5467171717171717,0.53515625,0.011560921717171713
N010699,N010700,same,0.6124401913875598,0.65625,0.043809808612440215
N001185,N004181,different,0.3230605738575983,0.26953125,0.05352932385759829
N005027,N005028,same,0.935969868173258,0.9375,0.0015301318267419983
N001758,N009092,different,0.2549019607843137,0.21875,0.03615196078431371
N002928,N003582,different,0.1422924901185771,0.15234375,0.010051259881422914
N003050,N008741,different,0.4690451206715635,0.4453125,0.02373262067156351
N004158,N011487,different,0.26745718050065875,0.3046875,0.03723031949934125
N000139,N007621,different,0.25757575757575757,0.24609375,0.011482007575757569
N007036,N007038,same,0.37623762376237624,0.41796875,0.04173112623762376
N002201,N002648,different,0.2525366403607666,0.3046875,0.05215085963923338
N000003,N000843,different,0.46393762183235865,0.44921875,0.014718871832358649
N007190,N008966,different,0.3033854166666667,0.3203125,0.016927083333333315
N010033,N010034,same,0.9686924493554327,0.9453125,0.02337994935543275
N005989,N005990,same,0.5984251968503937,0.6015625,0.003137303149606252
N002242,N004023,different,0.2623626373626374,0.30078125,0.038418612637362626
N000443,N004578,different,0.12489991993594876,0.10546875,0.01943116993594876
N005743,N005744,same,0.4154929577464789,0.43359375,0.018100792253521125
N003903,N006662,different,0.16142735768903993,0.19921875,0.03779139231096007
N011033,N011036,same,0.5677966101694916,0.60546875,0.03767213983050843
N006643,N006644,same,0.3761904761904762,0.3671875,0.009002976190476186
N003720,N006775,different,0.2948717948717949,0.28515625,0.009715544871794879
N003418,N007053,different,0.26991565135895035,0.28515625,0.015240598641049652
N003804,N005139,different,0.1645813282001925,0.19140625,0.0268249217998075
N002540,N007668,different,0.15398075240594924,0.1953125,0.041331747594050755
N008366,N008369,same,0.925575101488498,0.9296875,0.0041123985115020245
N010742,N010743,same,0.5694249649368864,0.59375,0.024325035063113565
N004746,N004760,different,0.3313840155945419,0.31640625,0.014977765594541892
N007368,N009303,different,0.39912758996728465,0.359375,0.039752589967284646
N007396,N007397,same,0.9329388560157791,0.94921875,0.016279893984220917
N001143,N009969,different,0.35974304068522484,0.328125,0.031618040685224835
N002468,N002469,same,0.944794952681388,0.9453125,0.0005175473186119772
N007220,N011663,different,0.24881291547958215,0.26953125,0.020718334520417853
N005926,N007181,different,0.27427184466019416,0.25390625,0.020365594660194164
N003437,N005168,different,0.11976549413735343,0.11328125,0.006484244137353434
N000355,N000372,different,0.20928402832415421,0.23046875,0.021184721675845786
N010682,N010683,same,0.9452449567723343,0.94140625,0.0038387067723343327
N004567,N008956,different,0.31802120141342755,0.3359375,0.017916298586572454
N008093,N008094,same,0.47540983606557374,0.484375,0.008965163934426257
N004447,N004449,same,0.4185022026431718,0.4296875,0.011185297356828217
N001475,N004007,different,0.20694444444444443,0.24609375,0.03914930555555557
N001138,N009030,different,0.16072980017376196,0.18359375,0.022863949826238045
N004140,N010723,different,0.43592330978809285,0.4453125,0.00938919021190715
N007477,N007828,different,0.44045368620037806,0.45703125,0.01657756379962194
N008284,N009896,different,0.2830423940149626,0.31640625,0.03336385598503738
N006759,N008551,different,0.19786096256684493,0.2265625,0.028701537433155067
N004856,N010634,different,0.41994510521500455,0.41015625,0.009788855215004555
N003022,N010880,different,0.1909282700421941,0.1875,0.0034282700421940926
N001271,N001372,different,0.2612035851472471,0.32421875,0.06301516485275288
N002952,N006725,different,0.3125,0.3515625,0.0390625
N009630,N010560,different,0.3807205452775073,0.40625,0.025529454722492684
N002342,N008733,different,0.1746905089408528,0.19140625,0.016715741059147193
N002631,N007528,different,0.21016949152542372,0.1953125,0.014856991525423718
N002957,N003701,different,0.22545846817691478,0.26171875,0.036260281823085216
N011515,N011516,same,0.4918238993710692,0.4453125,0.046511399371069184
N004013,N005436,different,0.1565008025682183,0.171875,0.0153741974317817
N010144,N010145,same,0.9626373626373627,0.94140625,0.02123111263736266
N004509,N004511,same,0.7231638418079096,0.7734375,0.0502736581920904
N003868,N011674,different,0.31196581196581197,0.31640625,0.004440438034188032
N008357,N009838,different,0.2577447335811648,0.25,0.007744733581164787
N005241,N005242,same,0.903041825095057,0.9375,0.03445817490494296
N008230,N009234,different,0.13477537437603992,0.12890625,0.005869124376039925
N000666,N000923,different,0.14273204903677758,0.15234375,0.00961170096322242
N003267,N005780,different,0.2857142857142857,0.30078125,0.015066964285714302
N001044,N001720,different,0.18072289156626506,0.17578125,0.004941641566265059
N011522,N011523,same,0.6916548797736917,0.76171875,0.07006387022630833
N009330,N010526,different,0.315136476426799,0.3359375,0.020801023573201016
N003319,N008808,different,0.43266832917705733,0.41796875,0.014699579177057331
N006178,N006182,same,0.4265402843601896,0.4765625,0.05002221563981041
N002814,N005953,different,0.23053435114503817,0.2421875,0.011653148854961826
N007615,N007616,same,0.7382953181272509,0.828125,0.08982968187274909
N007876,N007877,same,0.4793028322440087,0.42578125,0.053521582244008714
N004729,N004730,same,0.6140939597315436,0.71875,0.10465604026845643
N005862,N006116,different,0.5260416666666666,0.48046875,0.04557291666666663
N000562,N005787,different,0.16443594646271512,0.16796875,0.0035328035372848843
N007575,N009140,different,0.12129380053908356,0.125,0.0037061994609164373
N011000,N011001,same,0.364,0.37109375,0.00709375000000001
N006167,N009175,different,0.28484848484848485,0.28515625,0.00030776515151514916
N004662,N009916,different,0.1867145421903052,0.1875,0.0007854578096948006
N010431,N010432,same,0.9065255731922398,0.9375,0.03097442680776019
N001509,N001510,same,0.6216790648246546,0.62890625,0.007227185175345374
N000737,N002287,different,0.2608200455580866,0.2734375,0.012617454441913423
N001764,N001765,same,0.6438569206842923,0.6796875,0.035830579315707656
N004877,N006275,different,0.34282700421940926,0.3203125,0.02251450421940926
N002351,N006165,different,0.3484013230429989,0.31640625,0.03199507304299892
N009140,N009547,different,0.4473007712082262,0.4453125,0.0019882712082262
N007104,N007105,same,0.9622222222222222,0.96875,0.006527777777777799
N000463,N000465,same,0.743979721166033,0.8203125,0.07633277883396705
N001124,N011201,different,0.2706855791962175,0.2890625,0.018376920803782504
N004151,N010614,different,0.5232815964523282,0.51953125,0.0037503464523281904
N003957,N007645,different,0.27702702702702703,0.28515625,0.008129222972972971
N003941,N009735,different,0.1833466773418735,0.15234375,0.031002927341873487
N000647,N008088,different,0.1307901907356948,0.12890625,0.0018839407356948112
N002017,N005475,different,0.47141518275538896,0.42578125,0.04563393275538896
N000323,N006510,different,0.31994459833795014,0.34375,0.023805401662049863
N008539,N008542,same,0.4188861985472155,0.4140625,0.0048236985472154825
N002578,N006004,different,0.47835051546391755,0.4921875,0.013836984536082453
N001918,N002086,different,0.22176591375770022,0.24609375,0.024327836242299783
N002507,N002508,same,0.9409937888198758,0.95703125,0.01603746118012417
N001934,N011090,different,0.3747474747474748,0.3671875,0.007559974747474774
N004269,N011588,different,0.2896341463414634,0.296875,0.007240853658536606
N005629,N006728,different,0.19898697539797394,0.203125,0.004138024602026058
N008009,N008010,same,0.4023529411764706,0.41015625,0.00780330882352942
N009840,N009841,same,0.44537815126050423,0.4453125,6.56512605042292e-05
