notice_id_a,notice_id_b,label,raw_words,cleaned_words,cleaned_3_shingles
N010018,N010020,same,0.3036093418259023,0.32547169811320753,0.2513440860215054
N007876,N008565,different,0.42736248236953456,0.4501557632398754,0.22057787174066243
N005451,N005452,same,0.40804597701149425,0.43302180685358255,0.3398576512455516
N008464,N010231,different,0.3072,0.30584192439862545,0.1313050440352282
N000420,N001104,different,0.470873786407767,0.48509485094850946,0.2911392405063291
N004781,N005219,different,0.47058823529411764,0.47692307692307695,0.27627627627627627
N007021,N010547,different,0.48295454545454547,0.5021097046413502,0.3584699453551913
N004413,N008734,different,0.3316239316239316,0.34011090573012936,0.14785651793525809
N007783,N007784,same,0.3797814207650273,0.40298507462686567,0.31155778894472363
N001104,N001107,same,0.41435185185185186,0.4424552429667519,0.31926863572433195
N006958,N006959,same,0.5329457364341085,0.5419354838709678,0.49642857142857144
N003107,N007431,different,0.5368217054263565,0.5522388059701493,0.40621531631520535
N010497,N011446,different,0.5780346820809249,0.5991735537190083,0.46940822467402205
N002561,N003545,different,0.3118279569892473,0.31021194605009633,0.13270142180094788
N004217,N007965,different,0.5649606299212598,0.5882352941176471,0.4584199584199584
N006099,N006100,same,0.7139959432048681,0.7098901098901099,0.609271523178808
N009010,N009562,different,0.3680555555555556,0.37243947858473,0.16066725197541704
N005332,N005333,same,0.9430604982206405,0.9402390438247012,0.8591549295774648
N008288,N010448,different,0.6128500823723229,0.6439114391143912,0.45036764705882354
N002391,N009409,different,0.3687821612349914,0.36065573770491804,0.15929941618015012
N001001,N007428,different,0.4042145593869732,0.4078674948240166,0.20535714285714285
N002919,N002920,same,0.9833729216152018,0.987012987012987,0.9602836879432625
N007223,N008301,different,0.4534412955465587,0.47191011235955055,0.29832402234636873
N005352,N007867,different,0.32922535211267606,0.32695984703632885,0.16715257531584063
N007893,N007894,same,0.9538461538461539,0.9554794520547946,0.9003831417624522
N002670,N007972,different,0.6053571428571428,0.6198019801980198,0.45875251509054327
N006038,N008642,different,0.38176197836166925,0.39429530201342283,0.19114219114219114
N004523,N007453,different,0.43736263736263736,0.4613466334164589,0.30311231393775373
N006491,N010563,different,0.5699115044247788,0.5988483685220729,0.47058823529411764
N002902,N010086,different,0.4723809523809524,0.48427672955974843,0.2827868852459016
N001013,N003939,different,0.5093167701863354,0.5454545454545454,0.32555425904317387
N002612,N004456,different,0.348993288590604,0.3464991023339318,0.16695205479452055
N003308,N005945,different,0.3157894736842105,0.3200992555831266,0.1511627906976744
N002811,N007128,different,0.48226950354609927,0.5052631578947369,0.3070539419087137
N007478,N011108,different,0.3682539682539683,0.37005163511187605,0.18858560794044665
N001760,N001761,same,0.9837662337662337,0.9854545454545455,0.9673202614379085
N004944,N009237,different,0.3487972508591065,0.3572744014732965,0.1808695652173913
N008261,N008262,same,0.728744939271255,0.7242888402625821,0.6118421052631579
N003630,N009918,different,0.42951541850220265,0.44254278728606355,0.24494949494949494
N003948,N008608,different,0.32362459546925565,0.32978723404255317,0.15834767641996558
N008997,N008998,same,0.6703910614525139,0.683076923076923,0.5936395759717314
N004789,N005917,different,0.564,0.5995475113122172,0.34563758389261745
N003672,N008071,different,0.6305555555555555,0.6301775147928994,0.4917218543046358
N009235,N009236,same,0.519163763066202,0.55859375,0.45390070921985815
N001817,N002597,different,0.51183970856102,0.5334645669291339,0.43283582089552236
N000985,N000986,same,0.3032258064516129,0.32242990654205606,0.24399494310998734
N000993,N010660,different,0.47770700636942676,0.49282296650717705,0.2865928659286593
N003269,N010318,different,0.5193050193050193,0.544468546637744,0.3419633225458468
N011750,N011966,different,0.5216494845360825,0.5506912442396313,0.3333333333333333
N010357,N010360,same,0.9958847736625515,0.9956427015250545,0.9866518353726362
N001163,N001165,same,0.9908256880733946,0.9896907216494846,0.9804560260586319
N011255,N011732,different,0.5193965517241379,0.5682382133995038,0.3663624511082138
N007191,N011803,different,0.3015075376884422,0.3041144901610018,0.14395229982964225
N003422,N008330,different,0.3412322274881517,0.35714285714285715,0.1689419795221843
N004762,N011915,different,0.5547024952015355,0.5746421267893661,0.4385447394296952
N006325,N006326,same,0.9572192513368984,0.9589442815249267,0.8861386138613861
N003658,N003661,same,0.9706840390879479,0.9818840579710145,0.9322033898305084
N010135,N010136,same,0.9942363112391931,0.9936507936507937,0.9890909090909091
N003079,N011928,different,0.5294117647058824,0.5371549893842887,0.4442082890541977
N000268,N009659,different,0.6203703703703703,0.6525,0.5438144329896907
N001173,N001174,same,0.7259615384615384,0.736,0.6656580937972768
N004065,N007546,different,0.5343035343035343,0.5438202247191011,0.3901292596944771
N000702,N007932,different,0.3212025316455696,0.3253012048192771,0.1417004048582996
N009387,N009517,different,0.4897959183673469,0.5103448275862069,0.30424799081515497
N000358,N007166,different,0.4570815450643777,0.4694835680751174,0.2888086642599278
N007841,N011872,different,0.32710280373831774,0.3333333333333333,0.1382716049382716
N000576,N000577,same,0.27800829875518673,0.2869757174392936,0.21107266435986158
N003372,N008041,different,0.4930966469428008,0.5131004366812227,0.2938689217758985
N006470,N009323,different,0.5526802218114603,0.5714285714285714,0.4443368828654405
N001685,N001686,same,0.7396694214876033,0.7371937639198218,0.6446927374301676
N002358,N005690,different,0.5113871635610766,0.544392523364486,0.32075471698113206
N002216,N002218,same,0.9784615384615385,0.9795221843003413,0.9071146245059288
N003837,N007101,different,0.5305410122164049,0.5542635658914729,0.3956692913385827
N008995,N010419,different,0.4601226993865031,0.48291571753986334,0.2992874109263658
N001394,N003813,different,0.31556503198294245,0.3215962441314554,0.18781725888324874
N003816,N009648,different,0.5654885654885655,0.5875831485587583,0.4670391061452514
N000883,N003126,different,0.32264150943396225,0.32323232323232326,0.14313725490196078
N010748,N011807,different,0.47761194029850745,0.4744897959183674,0.27710843373493976
N006050,N007874,different,0.3870481927710843,0.3950819672131147,0.19877675840978593
N011687,N011688,same,0.99375,0.9932659932659933,0.9879275653923542
N000036,N011140,different,0.4312590448625181,0.4462025316455696,0.2361308677098151
N000051,N000052,same,0.9930555555555556,0.9923954372623575,0.9675174013921114
N001105,N007889,different,0.30124777183600715,0.30228136882129275,0.12075471698113208
N004491,N004492,same,0.6785714285714286,0.6626506024096386,0.5421836228287841
N004978,N009682,different,0.374,0.39514348785871967,0.21212121212121213
N008379,N008380,same,0.9423631123919308,0.9430379746835443,0.8962432915921288
N001189,N011628,different,0.3408239700374532,0.35330578512396693,0.18451749734888653
N000183,N001889,different,0.6267605633802817,0.6417910447761194,0.5416666666666666
N006225,N006227,same,0.32547169811320753,0.3333333333333333,0.24010217113665389
N002447,N007313,different,0.4192708333333333,0.42363112391930835,0.24464831804281345
N005321,N005322,same,0.9564032697547684,0.9607250755287009,0.9391891891891891
N004563,N004564,same,0.5653846153846154,0.5690721649484536,0.4194871794871795
N001497,N001498,same,0.6360294117647058,0.6307385229540918,0.48934010152284263
N002729,N008105,different,0.4989561586638831,0.5151515151515151,0.32590855803048063
N000314,N008220,different,0.42625368731563423,0.4543973941368078,0.23943661971830985
N001902,N009227,different,0.5893719806763285,0.5989583333333334,0.45646067415730335
N001376,N009439,different,0.5642458100558659,0.5852156057494866,0.4104938271604938
N003019,N009498,different,0.38403614457831325,0.3898858075040783,0.2054380664652568
N003883,N004988,different,0.34307692307692306,0.35353535353535354,0.18459069020866772
N004822,N007764,different,0.4485049833887043,0.4805194805194805,0.25903614457831325
N000255,N007615,different,0.5140712945590994,0.5265306122448979,0.3538306451612903
N005676,N011302,different,0.4227053140096618,0.4266666666666667,0.2699300699300699
N003403,N007889,different,0.33783783783783783,0.3424908424908425,0.15956482320942883
N002476,N005891,different,0.33878887070376434,0.3456140350877193,0.16461916461916462
N004988,N009224,different,0.38738738738738737,0.3941368078175896,0.20906994619523445
N001677,N011151,different,0.38239757207890746,0.3973288814691152,0.20251177394034536
N006731,N006732,same,0.9561128526645768,0.9586206896551724,0.9144602851323829
N002200,N009548,different,0.3611111111111111,0.3624382207578254,0.17892342683851403
N001873,N001874,same,0.9506849315068493,0.9518072289156626,0.9043478260869565
N006820,N010293,different,0.4720357941834452,0.49014778325123154,0.3012345679012346
N004096,N007060,different,0.5819672131147541,0.6221198156682027,0.3785310734463277
N003135,N003543,different,0.5394456289978679,0.5772946859903382,0.35102533172496986
N006564,N007387,different,0.4626865671641791,0.46153846153846156,0.2754491017964072
N004906,N008027,different,0.511340206185567,0.5524475524475524,0.3600944510035419
N000145,N007083,different,0.3333333333333333,0.34459459459459457,0.1735604217356042
N008087,N008088,same,0.4700665188470067,0.4882075471698113,0.3590963139120095
N007153,N007701,different,0.5044722719141324,0.5211538461538462,0.4144486692015209
N010825,N010826,same,0.7325842696629213,0.7412060301507538,0.6833095577746077
N006905,N006906,same,0.9920634920634921,0.9912536443148688,0.980565371024735
N001863,N002786,different,0.38354037267080743,0.3888888888888889,0.19180201082753287
N001735,N005403,different,0.5504032258064516,0.5582417582417583,0.3818589025755879
N009982,N009985,same,0.3669421487603306,0.37857142857142856,0.2367957746478873
N008801,N011616,different,0.4482758620689655,0.4528301886792453,0.2810615199034982
N003201,N011795,different,0.5460636515912898,0.5714285714285714,0.4269102990033223
N009040,N010335,different,0.3233743409490334,0.33396584440227706,0.1559383499546691
N000276,N000278,same,0.3601036269430052,0.3872832369942196,0.30448717948717946
N001338,N001340,same,0.9945504087193461,0.9940298507462687,0.9789103690685413
N011118,N011119,same,0.9597989949748744,0.9635854341736695,0.9090909090909091
N000768,N000770,same,0.7320954907161804,0.7456647398843931,0.7142857142857143
N001515,N006807,different,0.4822546972860125,0.5225653206650831,0.29318181818181815
N009100,N009150,different,0.4349593495934959,0.4646924829157175,0.2727272727272727
N000437,N010413,different,0.3333333333333333,0.3401360544217687,0.16773162939297126
N008497,N008498,same,0.6903669724770642,0.687192118226601,0.5787545787545788
N007145,N007146,same,0.6538461538461539,0.6596858638743456,0.5383522727272727
N007053,N010560,different,0.5,0.5049115913555993,0.36327739387956565
N008280,N010910,different,0.4578059071729958,0.4662004662004662,0.28672150411280845
N001364,N001365,same,0.975609756097561,0.9791044776119403,0.9119601328903655
N001075,N009237,different,0.5820568927789934,0.5956937799043063,0.4518987341772152
N003268,N007976,different,0.6221122112211221,0.6636528028933092,0.5050590219224284
N004168,N004169,same,0.7725490196078432,0.7653276955602537,0.6673662119622246
N003317,N011369,different,0.42857142857142855,0.44396551724137934,0.2552026286966046
N002748,N011595,different,0.5357142857142857,0.5369565217391304,0.4061085972850679
N000873,N002331,different,0.3213644524236984,0.3300970873786408,0.16390243902439025
N009379,N009380,same,0.9916434540389972,0.9938837920489296,0.9893992932862191
N007382,N009541,different,0.36915077989601386,0.3850574712643678,0.20941402497598463
N006828,N011568,different,0.37707948243992606,0.3903420523138833,0.19001919385796545
N005210,N009890,different,0.4147982062780269,0.43073047858942065,0.2556894243641232
N009046,N010077,different,0.45417515274949083,0.4581497797356828,0.34965034965034963
N000659,N006306,different,0.34415584415584416,0.3474426807760141,0.16764953664700927
N005472,N007849,different,0.3492063492063492,0.35813148788927335,0.18032786885245902
N007681,N009555,different,0.5532286212914486,0.575187969924812,0.4237588652482269
N007201,N010116,different,0.4604651162790698,0.4690721649484536,0.2748299319727891
N002665,N004599,different,0.37251908396946565,0.3860232945091514,0.18769716088328076
N007557,N008376,different,0.6305841924398625,0.6724806201550387,0.4746588693957115
N000189,N001381,different,0.4666666666666667,0.48259860788863107,0.2783018867924528
N004220,N007941,different,0.5452865064695009,0.5603271983640081,0.4023109243697479
N002036,N008928,different,0.25796178343949044,0.26758147512864494,0.11960132890365449
N003662,N010020,different,0.49746192893401014,0.5,0.2822085889570552
N004066,N006280,different,0.43935926773455375,0.44,0.2597911227154047
N005647,N010086,different,0.4197002141327623,0.44047619047619047,0.2753441802252816
N002586,N006131,different,0.41735537190082644,0.44110854503464203,0.2810304449648712
N004043,N004969,different,0.28213689482470783,0.29084380610412924,0.1307300509337861
N010853,N010857,same,0.7964601769911505,0.7990314769975787,0.7570093457943925
N000202,N007774,different,0.49889135254988914,0.5277777777777778,0.35374149659863946
N002852,N002853,same,0.7218543046357616,0.7216981132075472,0.598531211750306
N008049,N010976,different,0.4427083333333333,0.45272206303724927,0.25358166189111747
N010028,N010039,different,0.525,0.542528735632184,0.3908872901678657
N004028,N010035,different,0.45685279187817257,0.45789473684210524,0.2803738317757009
N001702,N010946,different,0.3659043659043659,0.386046511627907,0.22867737948084055
N008791,N008803,different,0.5567970204841713,0.5811623246492986,0.43822393822393824
N000684,N004640,different,0.4959016393442623,0.5206422018348624,0.31053811659192826
N011929,N011930,same,0.5547445255474452,0.549407114624506,0.40218470705064546
N003860,N004075,different,0.5166994106090373,0.5333333333333333,0.3721973094170404
N003884,N007431,different,0.3552188552188552,0.3555956678700361,0.16166666666666665
N002204,N007953,different,0.4282511210762332,0.43103448275862066,0.22388059701492538
N005664,N005666,same,0.932258064516129,0.9501779359430605,0.8898305084745762
N003982,N006359,different,0.48398576512455516,0.5047619047619047,0.39888164026095063
N002817,N002819,same,0.411522633744856,0.41555555555555557,0.2852272727272727
N002626,N002629,same,0.6716417910447762,0.6542553191489362,0.5462962962962963
N000262,N002156,different,0.6206293706293706,0.6531007751937985,0.4683663833805477
N000131,N003422,different,0.520746887966805,0.5398230088495575,0.44966442953020136
N000852,N010531,different,0.298989898989899,0.29637526652452023,0.14240506329113925
N003659,N005484,different,0.36683417085427134,0.3673835125448029,0.17904290429042904
N001115,N009773,different,0.6066252587991718,0.639821029082774,0.5099778270509978
N010941,N010942,same,0.9496221662468514,0.9530386740331491,0.9103343465045592
N008101,N008840,different,0.4246575342465753,0.4387755102040816,0.2554054054054054
N005983,N009546,different,0.5703564727954972,0.597165991902834,0.4681059862610402
N001180,N006053,different,0.5345794392523364,0.554639175257732,0.3795243019648397
N004248,N005277,different,0.43648960739030024,0.44072164948453607,0.2325268817204301
N006025,N010086,different,0.48867924528301887,0.5063025210084033,0.2839632277834525
N002970,N007570,different,0.5531496062992126,0.5738396624472574,0.4377551020408163
N002439,N007343,different,0.5196850393700787,0.5361050328227571,0.3872832369942196
N001488,N005914,different,0.48131868131868133,0.5024509803921569,0.2981366459627329
N001624,N006762,different,0.3103448275862069,0.3227665706051873,0.1620795107033639
N004870,N006313,different,0.5145228215767634,0.5388235294117647,0.3470873786407767
N011017,N011020,same,0.682648401826484,0.6852300242130751,0.5726600985221675
N002389,N002391,same,0.7272727272727273,0.7142857142857143,0.5873205741626795
N000672,N002056,different,0.33934426229508197,0.3450087565674256,0.16422764227642275
N003476,N004605,different,0.5128205128205128,0.5238095238095238,0.3217391304347826
N008022,N010492,different,0.5801526717557252,0.5979591836734693,0.44390243902439025
N009775,N009854,different,0.29338103756708406,0.2923076923076923,0.11373976342129208
N001443,N010092,different,0.5299295774647887,0.5546875,0.3715686274509804
N008152,N008153,same,0.9584905660377359,0.9665271966527197,0.9276485788113695
N004151,N009894,different,0.36645962732919257,0.37860780984719866,0.17708333333333334
N009151,N011771,different,0.5433884297520661,0.5521739130434783,0.4482758620689655
N004672,N008166,different,0.6337209302325582,0.6659663865546218,0.5336091003102379
N005081,N007027,different,0.39454545454545453,0.41922290388548056,0.2572314049586777
N002173,N008545,different,0.5140562248995983,0.5535307517084282,0.30491803278688523
N003781,N003783,same,0.9445983379501385,0.9577039274924471,0.9063032367972743
N002084,N007552,different,0.45161290322580644,0.48863636363636365,0.2904191616766467
N004001,N004002,same,0.5458089668615984,0.5617021276595745,0.49265536723163844
N009163,N009439,different,0.44798657718120805,0.469811320754717,0.27522935779816515
N002426,N003338,different,0.34222919937205654,0.3469387755102041,0.1745776347546259
N006423,N006425,same,0.9802955665024631,0.9916897506925207,0.946875
N007876,N009829,different,0.6151142355008787,0.653179190751445,0.5164011246485474
N007687,N009311,different,0.6243093922651933,0.6522633744855967,0.46473029045643155
N001746,N002955,different,0.2672727272727273,0.27485380116959063,0.11854684512428298
N008284,N008285,same,0.718562874251497,0.720173535791757,0.6017897091722595
N001309,N011869,different,0.30019120458891013,0.3008130081300813,0.14314928425357873
N002589,N004081,different,0.35071942446043164,0.35372848948374763,0.16007194244604317
N005300,N006349,different,0.5402061855670103,0.5626373626373626,0.4474835886214442
N009455,N009456,same,0.7037974683544304,0.7085561497326203,0.568
N004081,N010560,different,0.34965034965034963,0.35,0.1779513888888889
N004306,N004307,same,0.989247311827957,0.9920948616600791,0.9853300733496333
N000884,N011090,different,0.4948453608247423,0.503370786516854,0.36682242990654207
N000010,N003634,different,0.34822804314329736,0.36271186440677966,0.1722488038277512
N002225,N011649,different,0.4675324675324675,0.477326968973747,0.27532777115613827
N001484,N003224,different,0.28146853146853146,0.2857142857142857,0.13943161634103018
N008411,N008412,same,0.45051194539249145,0.4794007490636704,0.4017857142857143
N006804,N010502,different,0.40625,0.42330097087378643,0.2482893450635386
N009437,N010826,different,0.5238095238095238,0.5408163265306123,0.4002123142250531
N000335,N007009,different,0.5421052631578948,0.546448087431694,0.3504823151125402
N002857,N005654,different,0.4695121951219512,0.4823008849557522,0.35443037974683544
N000078,N007325,different,0.5025380710659898,0.5133689839572193,0.31329113924050633
N000864,N005773,different,0.4378818737270876,0.44742729306487694,0.24300111982082867
N007718,N008135,different,0.5327433628318584,0.5518590998043053,0.3734238603297769
N006976,N010778,different,0.5199335548172758,0.5392857142857143,0.4175170068027211
N002774,N011414,different,0.47392290249433106,0.48621553884711777,0.2884371029224905
N004762,N010111,different,0.564453125,0.5899581589958159,0.4659090909090909
N003908,N003909,same,0.39558232931726905,0.39869281045751637,0.2652370203160271
N000664,N000666,same,0.5985401459854015,0.6109660574412533,0.4469798657718121
N004323,N009954,different,0.4418604651162791,0.45012787723785164,0.25133689839572193
N010390,N011580,different,0.30851063829787234,0.3125,0.16892725030826142
N004880,N004881,same,0.949874686716792,0.9558011049723757,0.9090909090909091
N000818,N006620,different,0.3467600700525394,0.35,0.2089108910891089
N001043,N002862,different,0.5528942115768463,0.6004566210045662,0.3488372093023256
N000640,N011658,different,0.38972809667673713,0.4033057851239669,0.20444104134762633
N008018,N008676,different,0.27007299270072993,0.2787524366471735,0.12355212355212356
N002685,N002686,same,0.6322701688555347,0.6308316430020284,0.49176954732510286
N000449,N010133,different,0.4400921658986175,0.43609022556390975,0.2678100263852243
N004683,N007002,different,0.3563579277864992,0.36115843270868825,0.18010963194988253
N010844,N011602,different,0.4337606837606838,0.44549763033175355,0.2812903225806452
N002440,N002443,same,0.40762463343108507,0.4383116883116883,0.3572778827977316
N001357,N003372,different,0.4669260700389105,0.48394004282655245,0.26962809917355374
N010856,N010857,same,0.7615894039735099,0.7780487804878049,0.7265415549597856
N005262,N005263,same,0.48372093023255813,0.4888888888888889,0.33251833740831294
N000070,N004969,different,0.6429780033840947,0.6796296296296296,0.5030146425495263
N003615,N009126,different,0.5913200723327305,0.6215686274509804,0.4487534626038781
N003236,N006862,different,0.3408408408408408,0.3441033925686591,0.1625544267053701
N001257,N005818,different,0.3471337579617834,0.3576388888888889,0.1839662447257384
N001027,N005073,different,0.40210526315789474,0.4110854503464203,0.2506053268765133
N002169,N011831,different,0.44871794871794873,0.47596153846153844,0.2883895131086142
N002691,N005271,different,0.38006756756756754,0.3844765342960289,0.179421768707483
N005141,N007639,different,0.42436974789915966,0.4408352668213457,0.2473246135552913
N000675,N005669,different,0.6128472222222222,0.6429942418426103,0.43859649122807015
N005337,N011060,different,0.29904761904761906,0.2961460446247465,0.12375249500998003
N001699,N004758,different,0.32575757575757575,0.3344262295081967,0.1744186046511628
N007012,N009759,different,0.35062611806797855,0.35260115606936415,0.17791970802919707
N004855,N004856,same,0.7454909819639278,0.7446351931330472,0.6245954692556634
N010491,N010492,same,0.7199248120300752,0.73,0.6862944162436548
N003270,N006319,different,0.35121951219512193,0.3591549295774648,0.15448504983388706
N003144,N011859,different,0.4907749077490775,0.5068762278978389,0.4001937984496124
N000889,N000890,same,0.7367424242424242,0.7287784679089027,0.6031746031746031
N001432,N001435,same,0.7674897119341564,0.782312925170068,0.7268292682926829
N008926,N010073,different,0.3773006134969325,0.38474295190713104,0.19015151515151515
N006903,N010093,different,0.3878504672897196,0.4033898305084746,0.21064996084573218
N000486,N000487,same,0.9795918367346939,0.9813432835820896,0.9745958429561201
N006198,N007366,different,0.34146341463414637,0.3592233009708738,0.19314938154138916
N004084,N004085,same,0.7631578947368421,0.7770419426048565,0.7063020214030915
N007902,N007976,different,0.6439267886855241,0.7012987012987013,0.5190641247833622
N002019,N002021,same,0.6513761467889908,0.6454183266932271,0.5029644268774703
N008725,N008728,same,0.7528735632183908,0.7422037422037422,0.634375
N001957,N001958,same,0.9814241486068112,0.9831081081081081,0.9786407766990292
N005497,N008336,different,0.31921824104234525,0.323943661971831,0.14871794871794872
N009301,N009302,same,0.9923076923076923,0.9915611814345991,0.9699248120300752
N008499,N008952,different,0.5653923541247485,0.5923423423423423,0.36271186440677966
N002300,N003674,different,0.36363636363636365,0.36724137931034484,0.18608414239482202
N009680,N011001,different,0.288107202680067,0.29443447037701975,0.1310344827586207
N005556,N006568,different,0.32112068965517243,0.31519274376417233,0.1386696730552424
N003574,N007121,different,0.4509466437177281,0.4796905222437137,0.27537593984962405
N004353,N004355,same,0.7084233261339092,0.6990740740740741,0.5842044134727061
N004438,N004442,same,0.8323699421965318,0.8557692307692307,0.8277777777777777
N004678,N004680,same,0.9093078758949881,0.9065656565656566,0.862796833773087
N000056,N009414,different,0.28836424957841483,0.29136690647482016,0.12352941176470589
N005365,N009764,different,0.5078125,0.5353982300884956,0.33406593406593404
N002248,N003503,different,0.40476190476190477,0.40897097625329815,0.27155172413793105
N010508,N010509,same,0.4156171284634761,0.43922651933701656,0.36349453978159124
N001817,N007306,different,0.3113496932515337,0.3211314475873544,0.15619967793880837
N003274,N007023,different,0.548885077186964,0.5652173913043478,0.40186915887850466
N005079,N005080,same,0.5043478260869565,0.5058548009367682,0.37122128174123337
N000591,N011538,different,0.3443163097199341,0.3540925266903915,0.17672047578589634
N009925,N010387,different,0.35575221238938054,0.36084452975047987,0.18552875695732837
N001053,N002186,different,0.5019607843137255,0.5422222222222223,0.31926406926406925
N008562,N009324,different,0.5771230502599654,0.6034816247582205,0.42995169082125606
N000250,N003051,different,0.3328173374613003,0.33889816360601,0.16987179487179488
N001525,N001678,different,0.5985663082437276,0.6208251473477406,0.43499511241446726
N008599,N008602,same,0.6546762589928058,0.6493506493506493,0.5187667560321716
N003942,N010918,different,0.45188284518828453,0.468384074941452,0.2708333333333333
N002513,N007637,different,0.5638841567291312,0.59375,0.4435763888888889
N009703,N009705,same,0.6447368421052632,0.6312849162011173,0.5167883211678832
N004315,N009584,different,0.516,0.5299334811529933,0.3971462544589774
N010620,N010621,same,0.9581151832460733,0.96,0.9395424836601307
N008248,N008249,same,0.506,0.5153508771929824,0.3859060402684564
N005222,N005225,same,0.5197841726618705,0.5163776493256262,0.3861003861003861
N002502,N002505,same,0.9616368286445013,0.9657142857142857,0.9373970345963756
N006200,N006201,same,0.4685714285714286,0.4947589098532495,0.40632054176072235
N000217,N002582,different,0.41272189349112426,0.4382207578253707,0.22692889561270801
N001207,N004094,different,0.49230769230769234,0.48404255319148937,0.29411764705882354
N005453,N010471,different,0.48975409836065575,0.5079726651480638,0.29717514124293787
N001063,N005024,different,0.5297619047619048,0.5582959641255605,0.3374028856825749
N000697,N005493,different,0.27816901408450706,0.2819047619047619,0.11687087653157399
N003555,N009272,different,0.28545454545454546,0.28735632183908044,0.12949640287769784
N005393,N007391,different,0.45054945054945056,0.4669926650366748,0.27305389221556886
N006121,N009928,different,0.6020761245674741,0.6305609284332688,0.4363807728557964
N004229,N006064,different,0.29233511586452765,0.2919847328244275,0.12605042016806722
N003265,N010005,different,0.4898989898989899,0.49214659685863876,0.3270440251572327
N007303,N007376,different,0.3368237347294939,0.3409090909090909,0.15284249767008387
N005512,N007327,different,0.5747126436781609,0.6117136659436009,0.38254310344827586
N009065,N011122,different,0.3194444444444444,0.3192389006342495,0.13897596656217345
N001376,N001377,same,0.5106796116504855,0.5245202558635395,0.42660550458715596
N000357,N000359,same,0.7692307692307693,0.782608695652174,0.7351778656126482
N008677,N011938,different,0.47835497835497837,0.5,0.32068543451652387
N002197,N002198,same,0.6502463054187192,0.6428571428571429,0.4807162534435262
N001905,N005873,different,0.5384615384615384,0.5434343434343434,0.4180952380952381
N007497,N007499,same,0.7520325203252033,0.7406593406593407,0.6275626423690205
N007334,N007335,same,0.9619565217391305,0.9635258358662614,0.9361344537815126
N002570,N005618,different,0.3265940902021773,0.33277310924369746,0.16470588235294117
N001074,N002707,different,0.3543913713405239,0.36470588235294116,0.17096018735362997
N003691,N004544,different,0.27472527472527475,0.2821011673151751,0.12172284644194757
N003415,N008452,different,0.5226860254083484,0.5386100386100386,0.4143897996357013
N011716,N011717,same,0.9902200488997555,0.9891891891891892,0.9763406940063092
N001083,N011985,different,0.49033816425120774,0.504,0.33428981348637016
N011499,N011500,same,0.9933035714285714,0.9952830188679245,0.992797118847539
N004212,N009766,different,0.5740432612312812,0.5966850828729282,0.4238646482635797
N002974,N006457,different,0.4266666666666667,0.44788273615635177,0.2310007524454477
N003854,N003855,same,0.7286652078774617,0.7395577395577395,0.6835443037974683
N005378,N005379,same,0.9576470588235294,0.9636363636363636,0.946376811594203
N011829,N011830,same,0.9642857142857143,0.9656084656084656,0.9560117302052786
N005326,N006145,different,0.4321503131524008,0.4413793103448276,0.26523297491039427
N006145,N006146,same,0.7088305489260143,0.7025641025641025,0.5718085106382979
N002008,N003498,different,0.5,0.5407407407407407,0.33764553686934023
N010513,N010514,same,0.9701789264413518,0.9725738396624473,0.9435396308360477
N000443,N006009,different,0.31688804554079697,0.312625250501002,0.1274787535410765
N000043,N000050,same,0.9901234567901235,0.989041095890411,0.9737654320987654
N008967,N008968,same,0.3415233415233415,0.3633879781420765,0.29204892966360857
N002801,N002802,same,0.711864406779661,0.7146118721461188,0.5791245791245792
N000119,N009303,different,0.28825622775800713,0.2887189292543021,0.1195551436515292
N002058,N002059,same,0.9721030042918455,0.9724770642201835,0.9540507859733979
N001325,N009136,different,0.44471153846153844,0.45478723404255317,0.25770308123249297
N003642,N009092,different,0.4428904428904429,0.4623376623376623,0.2602739726027397
N004298,N004299,same,0.9922077922077922,0.9942528735632183,0.9761904761904762
N007729,N007732,same,0.9938837920489296,0.9933333333333333,0.9800399201596807
N007652,N008774,different,0.5870967741935483,0.617169373549884,0.48322147651006714
N000834,N001578,different,0.3411214953271028,0.34105960264900664,0.1634689178818112
N002673,N009844,different,0.5634615384615385,0.589247311827957,0.4190260475651189
N003008,N009152,different,0.4397463002114165,0.4515366430260047,0.26516052318668254
N001326,N001328,same,0.6988505747126437,0.7,0.5934343434343434
N009445,N009562,different,0.6433260393873085,0.6697892271662763,0.5763125763125763
N005985,N009162,different,0.3536977491961415,0.3576388888888889,0.18755118755118755
N004071,N004072,same,0.9743589743589743,0.9777070063694268,0.946360153256705
N000384,N002019,different,0.3344316309719934,0.34285714285714286,0.1584241408214585
N003494,N003495,same,0.29583333333333334,0.30957683741648107,0.21878579610538373
N005806,N011786,different,0.3567567567567568,0.36435643564356435,0.21909547738693466
N011420,N011984,different,0.5523978685612788,0.578544061302682,0.43394495412844036
N006646,N009384,different,0.3307543520309478,0.3215767634854772,0.14285714285714285
N002639,N002640,same,0.959493670886076,0.9606741573033708,0.912621359223301
N006541,N009386,different,0.5196687370600414,0.527027027027027,0.38562874251497004
N006760,N008055,different,0.5794871794871795,0.6014760147601476,0.45768566493955093
N001785,N004629,different,0.5371747211895911,0.5495867768595041,0.4211099020674646
N000741,N000745,same,0.9848484848484849,0.9858356940509915,0.9445324881141046
N008186,N009304,different,0.3769230769230769,0.38397328881469117,0.19327073552425664
N001323,N006364,different,0.4824120603015075,0.484375,0.28134556574923547
N003863,N010008,different,0.3567753001715266,0.35454545454545455,0.1802030456852792
N000058,N000184,different,0.549618320610687,0.5682281059063137,0.4351219512195122
N000412,N004657,different,0.3629283489096573,0.3771043771043771,0.18962848297213622
N000926,N003644,different,0.588126159554731,0.614314115308151,0.47523809523809524
N004369,N008199,different,0.5404858299595142,0.575,0.3460246360582307
N003450,N006996,different,0.4075907590759076,0.42047531992687387,0.2425828970331588
N004410,N006730,different,0.3471337579617834,0.3430034129692833,0.149800796812749
N006041,N011988,different,0.3174311926605505,0.3241650294695481,0.16342412451361868
N004913,N010317,different,0.5461689587426326,0.5852017937219731,0.346711259754738
N007995,N007997,same,0.6936708860759494,0.7206703910614525,0.6515151515151515
N001334,N006274,different,0.337228714524207,0.34581105169340465,0.17820945945945946
N004939,N011284,different,0.2914572864321608,0.2965641952983725,0.13028169014084506
N005634,N006584,different,0.4088050314465409,0.4231678486997636,0.26329113924050634
N003301,N003302,same,0.7232142857142857,0.7204819277108434,0.6022304832713755
N002267,N010375,different,0.44072164948453607,0.47246376811594204,0.2833333333333333
N003158,N007300,different,0.4730639730639731,0.4888888888888889,0.25107851596203623
N002085,N007988,different,0.46335697399527187,0.48677248677248675,0.29603399433427763
N001118,N001120,same,0.985781990521327,0.9868421052631579,0.9399141630901288
N000030,N006079,different,0.48036951501154734,0.5,0.30604026845637583
N005137,N009628,different,0.4527027027027027,0.4665012406947891,0.290956749672346
N004055,N008225,different,0.321880650994575,0.32495164410058025,0.14681440443213298
N001879,N004065,different,0.38699690402476783,0.3996627318718381,0.19655442443226312
N000486,N011101,different,0.48769574944071586,0.5075757575757576,0.33104395604395603
N007430,N010330,different,0.5989110707803993,0.6262230919765166,0.4713493530499076
N006041,N009700,different,0.5644028103044496,0.5739795918367347,0.4203480589022758
N000297,N003849,different,0.37152209492635024,0.37985865724381623,0.17911714770797962
N003611,N007188,different,0.4641255605381166,0.48009950248756217,0.287012987012987
N009978,N009979,same,0.6122448979591837,0.6073752711496746,0.4671689989235737
N001022,N001023,same,0.7219917012448133,0.7203579418344519,0.6222732491389208
N001629,N005005,different,0.44607843137254904,0.4625,0.24715447154471545
N002923,N007247,different,0.3459715639810427,0.3578767123287671,0.17444717444717445
N003164,N009587,different,0.3754716981132076,0.38493723849372385,0.20686070686070687
N006832,N010598,different,0.4017725258493353,0.42088091353996737,0.22111706197398623
N006511,N006512,same,0.7294589178356713,0.7176724137931034,0.6259977194982896
N002304,N009060,different,0.3076923076923077,0.3081632653061224,0.14914914914914915
N002106,N006701,different,0.4887525562372188,0.5162037037037037,0.3227699530516432
N006856,N006857,same,0.7239709443099274,0.7401574803149606,0.6700581395348837
N003821,N009085,different,0.58719646799117,0.5967365967365967,0.47416762342135477
N004522,N009816,different,0.6103603603603603,0.6188235294117647,0.5142857142857142
N008514,N008515,same,0.5508849557522124,0.5598086124401914,0.45532435740514077
N008382,N009718,different,0.3148148148148148,0.3215077605321508,0.13976164680390032
N005805,N011332,different,0.5288065843621399,0.5468409586056645,0.44432432432432434
N004216,N004699,different,0.49195402298850577,0.5076530612244898,0.29747675962815406
N001432,N008873,different,0.5595854922279793,0.5801526717557252,0.42762535477767266
N002149,N003382,different,0.22424242424242424,0.22698072805139186,0.11145833333333334
N004731,N009345,different,0.5054229934924078,0.5035460992907801,0.3706896551724138
N002163,N002307,different,0.522887323943662,0.5269230769230769,0.38204393505253104
N002952,N008752,different,0.44849785407725323,0.470873786407767,0.30394736842105263
N000745,N005843,different,0.42411642411642414,0.441588785046729,0.26626506024096386
N005260,N011019,different,0.2772808586762075,0.2741020793950851,0.1161939615736505
N002299,N009882,different,0.31699346405228757,0.31690140845070425,0.1440677966101695
N002171,N005867,different,0.3716216216216216,0.3800738007380074,0.20445344129554655
N005334,N007457,different,0.4274353876739563,0.4451901565995526,0.2921615201900237
N005304,N005305,same,0.9628712871287128,0.970108695652174,0.9138686131386862
N005134,N005135,same,0.7283236994219653,0.7203389830508474,0.5907127429805615
N000982,N005390,different,0.4726477024070022,0.48426150121065376,0.30952380952380953
N002992,N009046,different,0.5661764705882353,0.5862068965517241,0.43438453713123093
N000628,N000633,same,0.4288990825688073,0.44387755102040816,0.3698224852071006
N000573,N006170,different,0.33519553072625696,0.3399602385685885,0.16891891891891891
N010406,N010408,same,0.966789667896679,0.9711934156378601,0.916030534351145
N002446,N002447,same,0.7196029776674938,0.739010989010989,0.6932515337423313
N000735,N001335,different,0.5642023346303502,0.58004158004158,0.4486652977412731
N008238,N011480,different,0.5144508670520231,0.5277777777777778,0.39076576576576577
N000321,N000443,different,0.27680311890838205,0.27479338842975204,0.12395833333333334
N007541,N007546,same,0.4135188866799205,0.4420131291028446,0.33567251461988307
N002683,N007848,different,0.3435804701627486,0.350293542074364,0.15247895229186156
N009983,N009985,same,0.3923809523809524,0.4061855670103093,0.2693920335429769
N007568,N007570,same,0.6108490566037735,0.6085858585858586,0.43256997455470736
N005448,N005962,different,0.45346062052505964,0.4772117962466488,0.28892005610098176
N004767,N004768,same,0.9455782312925171,0.9540229885057471,0.9166666666666666
N007023,N007916,different,0.5859106529209622,0.6201550387596899,0.42762535477767266
N000315,N000316,same,0.6635730858468677,0.6691542288557214,0.5537294563843237
N001578,N002947,different,0.3887240356083086,0.4,0.191904047976012
N009857,N010711,different,0.4723404255319149,0.5,0.31139240506329113
N002290,N003634,different,0.5983050847457627,0.6382189239332097,0.46547314578005117
N011438,N011440,same,0.7412587412587412,0.7558441558441559,0.7033773861967695
N010035,N011646,different,0.4896907216494845,0.5,0.3183279742765273
N001295,N001296,same,0.7392344497607656,0.7605263157894737,0.7031484257871065
N005825,N010265,different,0.4601226993865031,0.4793577981651376,0.28762135922330095
N002351,N005508,different,0.5932773109243697,0.6283018867924528,0.4610266159695818
N011075,N011077,same,0.966824644549763,0.9680851063829787,0.9437869822485208
N011335,N011336,same,0.5673913043478261,0.5694444444444444,0.41580756013745707
N000514,N011152,different,0.6130653266331658,0.6584440227703985,0.4517625231910946
N010762,N010766,same,0.9632352941176471,0.967032967032967,0.9440894568690096
N001314,N003288,different,0.6043276661514683,0.6385135135135135,0.4783950617283951
N001403,N001405,same,0.36346153846153845,0.36721991701244816,0.2390608324439701
N010389,N010391,same,0.948849104859335,0.9546742209631728,0.8896210873146623
N001258,N001261,same,0.9782608695652174,0.9785522788203753,0.9179566563467493
N003574,N011053,different,0.5355805243445693,0.559748427672956,0.3989071038251366
N001484,N005371,different,0.5170556552962298,0.5357142857142857,0.3692458374142997
N005426,N005427,same,0.9528619528619529,0.9562043795620438,0.9323467230443975
N008443,N010211,different,0.3702064896755162,0.37942122186495175,0.19222139117427076
N005517,N011613,different,0.29141716566866266,0.29723991507430997,0.12449392712550607
N005828,N010514,different,0.305111821086262,0.31099656357388317,0.1440329218106996
N011154,N011156,same,0.7412451361867705,0.7331932773109243,0.6482465462274176
N002595,N003310,different,0.41686746987951806,0.412532637075718,0.2591549295774648
N008630,N011336,different,0.6258205689277899,0.6435185185185185,0.4845474613686534
N004951,N008794,different,0.49473684210526314,0.497131931166348,0.36266924564796904
N000391,N004186,different,0.4989429175475687,0.5104895104895105,0.37969924812030076
N000166,N008677,different,0.4589473684210526,0.4618937644341801,0.28773584905660377
N009154,N011317,different,0.5064102564102564,0.5450121654501217,0.3333333333333333
N002589,N009612,different,0.49079754601226994,0.5,0.37710843373493974
N008268,N009916,different,0.5403377110694184,0.553014553014553,0.3934942287513116
N002316,N002317,same,0.6384615384615384,0.6418732782369146,0.5
N006596,N011033,different,0.35060449050086356,0.34944237918215615,0.17079646017699116
N010106,N010107,same,0.5748898678414097,0.5704057279236276,0.43349753694581283
N008409,N008410,same,0.9744680851063829,0.9714285714285714,0.9537037037037037
N001937,N007430,different,0.5317460317460317,0.5450733752620545,0.4208924949290061
N000078,N006886,different,0.48756218905472637,0.4973821989528796,0.28923076923076924
N010999,N011001,same,0.4351648351648352,0.45965770171149145,0.3567567567567568
N001357,N010788,different,0.48502994011976047,0.5135135135135135,0.29295154185022027
N000906,N011149,different,0.5542635658914729,0.6066666666666667,0.37861915367483295
N003435,N009318,different,0.48919449901768175,0.5185185185185185,0.3224043715846995
N002916,N004445,different,0.4948453608247423,0.49206349206349204,0.2809667673716012
N003770,N011367,different,0.455012853470437,0.4717514124293785,0.30197268588770865
N010980,N010981,same,0.7643564356435644,0.7595744680851064,0.6586134453781513
N005040,N005041,same,0.9305993690851735,0.9379310344827586,0.8752475247524752
N008937,N008938,same,0.3111111111111111,0.3309002433090024,0.25165562913907286
N002071,N006588,different,0.29081632653061223,0.289544235924933,0.15040650406504066
N010261,N011914,different,0.5218120805369127,0.5405405405405406,0.4152397260273973
N000670,N000671,same,0.9846153846153847,0.985632183908046,0.9404761904761905
N000489,N007029,different,0.48743718592964824,0.48704663212435234,0.3166144200626959
N007633,N010942,different,0.43724696356275305,0.4461538461538462,0.23617021276595745
N005243,N006569,different,0.33714285714285713,0.33874239350912777,0.15949119373776907
N001083,N001567,different,0.4166666666666667,0.42650602409638555,0.27599486521181
N000282,N006591,different,0.4838709677419355,0.5012048192771085,0.29411764705882354
N003362,N003364,same,0.9942363112391931,0.9936102236421726,0.9880715705765407
N005927,N008816,different,0.5557894736842105,0.5582417582417583,0.4349680170575693
N001289,N001291,same,0.4055045871559633,0.42828685258964144,0.2897102897102897
N005231,N005232,same,0.972809667673716,0.9766666666666667,0.9224806201550387
N003835,N003837,same,0.7976653696498055,0.8111587982832618,0.7638888888888888
N004167,N005115,different,0.6105476673427992,0.6312217194570136,0.4723557692307692
N002040,N003281,different,0.5271966527196653,0.5505882352941176,0.32325581395348835
N002605,N010853,different,0.5949074074074074,0.5925,0.41687979539641945
N011139,N011793,different,0.3606060606060606,0.37458745874587457,0.18816388467374812
N001458,N002506,different,0.3950892857142857,0.41687344913151364,0.25396825396825395
N007148,N011853,different,0.5739299610894941,0.5970772442588727,0.4653767820773931
N001791,N008583,different,0.515686274509804,0.5224839400428265,0.3791208791208791
N008993,N008995,same,0.9797101449275363,0.9809523809523809,0.9261992619926199
N004043,N004218,different,0.47093023255813954,0.4830508474576271,0.33874458874458874
N011601,N011603,same,0.9836065573770492,0.9846625766871165,0.9269162210338681
N002945,N010292,different,0.4119601328903654,0.42805100182149364,0.23117338003502627
N006385,N011130,different,0.4900398406374502,0.5,0.3552036199095023
N006764,N009477,different,0.5096774193548387,0.5138888888888888,0.37682926829268293
N004409,N011892,different,0.4120603015075377,0.430939226519337,0.26068003487358327
N000023,N002700,different,0.4726277372262774,0.4839357429718876,0.34279918864097364
N001669,N003264,different,0.41702127659574467,0.4289044289044289,0.2689075630252101
N002831,N008460,different,0.34789156626506024,0.35379644588045234,0.16799420709630702
N004184,N005163,different,0.3564516129032258,0.36777583187390545,0.17331163547599673
N009665,N011482,different,0.2982456140350877,0.29896907216494845,0.12099358974358974
N000340,N009553,different,0.3117117117117117,0.3153846153846154,0.1354071363220494
N002043,N008828,different,0.4294478527607362,0.45,0.25951557093425603
N003466,N003469,same,0.712742980561555,0.7060185185185185,0.6031363088057901
N005064,N005067,same,0.7844311377245509,0.7911111111111111,0.7287104622871047
N000030,N007467,different,0.44668008048289737,0.4696629213483146,0.2842582106455266
N011900,N011901,same,0.6771523178807947,0.667262969588551,0.5476190476190477
N006901,N008943,different,0.5010706638115632,0.52,0.31715976331360946
N003415,N005750,different,0.33025830258302585,0.3346613545816733,0.16375968992248063
N005350,N005352,same,0.4788732394366197,0.4945054945054945,0.40070921985815605
N007614,N008823,different,0.358974358974359,0.3694581280788177,0.18230358504958047
N004333,N008255,different,0.4517374517374517,0.4749455337690632,0.2878625134264232
N009495,N009521,different,0.3375,0.34991423670668953,0.1828665568369028
N006462,N006463,same,0.9664948453608248,0.9682080924855492,0.9473684210526315
N001629,N008262,different,0.5443037974683544,0.5833333333333334,0.36502347417840375
N002516,N010795,different,0.546692607003891,0.5846153846153846,0.3451995685005394
N006622,N006623,same,0.8375870069605569,0.8357843137254902,0.7690355329949239
N010081,N010082,same,0.7727272727272727,0.7638603696098563,0.6694129763130793
N007560,N007561,same,0.6978723404255319,0.6960556844547564,0.6014492753623188
N005941,N006998,different,0.5426829268292683,0.5591397849462365,0.44350580781414994
N004062,N004438,different,0.4131455399061033,0.43342036553524804,0.2614742698191933
N000990,N002973,different,0.3764135702746365,0.3866432337434095,0.169002473206925
N008321,N008641,different,0.5369649805447471,0.5536480686695279,0.41116173120728927
N008561,N008562,same,0.7465437788018433,0.76010101010101,0.6899441340782123
N001360,N001361,same,0.9863945578231292,0.9887640449438202,0.9692307692307692
N008993,N008994,same,0.9854227405247813,0.987220447284345,0.967680608365019
N005108,N005109,same,0.779835390946502,0.7895927601809954,0.7512315270935961
N001983,N001984,same,0.6205128205128205,0.6442577030812325,0.6055900621118012
N006038,N009049,different,0.3480392156862745,0.35563380281690143,0.17585089141004862
N001413,N007076,different,0.4466230936819172,0.47804878048780486,0.28125
N005772,N005776,same,0.4093567251461988,0.43174603174603177,0.3419593345656192
N000237,N009075,different,0.6286201022146508,0.6711798839458414,0.48443579766536965
N011043,N011048,same,0.40404040404040403,0.4218181818181818,0.27992957746478875
N004742,N006981,different,0.4396551724137931,0.4740740740740741,0.2689393939393939
N004801,N004802,same,0.6926713947990544,0.6867167919799498,0.5647798742138365
N003994,N003995,same,0.3432343234323432,0.35752212389380533,0.24066029539530842
N000643,N009675,different,0.5537848605577689,0.5720338983050848,0.4369230769230769
N006086,N006087,same,0.9587378640776699,0.9701897018970189,0.912781954887218
N000266,N010102,different,0.5,0.528,0.354978354978355
N005028,N009701,different,0.4779220779220779,0.49714285714285716,0.3084795321637427
N009670,N009671,same,0.9688715953307393,0.9703389830508474,0.9114583333333334
N001005,N001804,different,0.518095238095238,0.5409836065573771,0.418
N005314,N010609,different,0.6110183639398998,0.6538461538461539,0.4734625105307498
N000417,N000419,same,0.9565217391304348,0.96,0.9131614654002713
N011041,N011048,same,0.3888888888888889,0.4036363636363636,0.26255506607929513
N000992,N001435,different,0.4613821138211382,0.49884526558891457,0.2916666666666667
N004107,N008166,different,0.3463949843260188,0.3532423208191126,0.17763157894736842
N002590,N002591,same,0.9664179104477612,0.9670781893004116,0.9411764705882353
N005119,N005121,same,0.7446351931330472,0.7542168674698795,0.699594046008119
N002826,N007185,different,0.3093145869947276,0.3169811320754717,0.14001806684733514
N009349,N009350,same,0.972972972972973,0.9765886287625418,0.900749063670412
N003121,N005007,different,0.33171521035598706,0.34507042253521125,0.15950413223140497
N002947,N003566,different,0.25779967159277506,0.2640845070422535,0.10845431255337319
N000485,N000488,same,0.9381107491856677,0.9392857142857143,0.8514644351464435
N004349,N011691,different,0.5595667870036101,0.5852713178294574,0.44103992571959144
N011281,N011282,same,0.7600849256900213,0.7728337236533958,0.7378516624040921
N003865,N009372,different,0.35423728813559324,0.35454545454545455,0.18638297872340426
N001198,N010109,different,0.6033057851239669,0.6479400749063671,0.45938375350140054
N011975,N011976,same,0.7315270935960592,0.745945945945946,0.6896024464831805
N006419,N007183,different,0.2896,0.29845626072041165,0.1322314049586777
N010407,N010605,different,0.4439140811455847,0.45576407506702415,0.27365356622998543
N009079,N010570,different,0.5717131474103586,0.5843881856540084,0.4681724845995893
N001415,N006560,different,0.5295238095238095,0.5410526315789473,0.39764201500535906
N001653,N001654,same,0.7125,0.7297297297297297,0.6431718061674009
N003355,N003823,different,0.31981279251170047,0.33163265306122447,0.1466346153846154
N000355,N005276,different,0.5425925925925926,0.5635245901639344,0.38590956887486855
N007573,N007574,same,0.4642857142857143,0.4933920704845815,0.42016806722689076
N007999,N008002,same,0.9558823529411765,0.9614147909967846,0.9444444444444444
N007057,N010814,different,0.2904841402337229,0.29464285714285715,0.11825192802056556
N000264,N009708,different,0.49743589743589745,0.5053763440860215,0.31329113924050633
N008825,N008828,same,0.711864406779661,0.712082262210797,0.5766710353866317
N001284,N006893,different,0.4237536656891496,0.4423076923076923,0.23732549595885377
N011033,N011035,same,0.9682539682539683,0.96875,0.9458794587945879
N004348,N004349,same,0.5944055944055944,0.6040100250626567,0.4772727272727273
N004177,N010930,different,0.5041322314049587,0.5348837209302325,0.29806598407281
N003845,N003847,same,0.7274590163934426,0.7366071428571429,0.6205357142857143
N004106,N004107,same,0.3953488372093023,0.4058252427184466,0.27174975562072334
N007911,N009413,different,0.44584382871536526,0.4363143631436314,0.2594202898550725
N001010,N001011,same,0.4455252918287938,0.4610526315789474,0.32885211995863495
N009213,N010572,different,0.33727810650887574,0.33190578158458245,0.18826135105204872
N006364,N006366,same,0.3380952380952381,0.3619791666666667,0.2697274031563845
N001447,N003703,different,0.4069529652351738,0.42758620689655175,0.25886524822695034
N009727,N010185,different,0.38980509745127434,0.40625,0.19594594594594594
N000605,N002652,different,0.42521008403361343,0.4555765595463138,0.2654377880184332
N004016,N004017,same,0.32505643340857787,0.3381294964028777,0.2350061199510404
N010689,N011576,different,0.3409090909090909,0.3420074349442379,0.16303400174367916
N001733,N001734,same,0.8426966292134831,0.8630705394190872,0.8075949367088607
N004845,N007461,different,0.3438985736925515,0.3539518900343643,0.17227564102564102
N010880,N010881,same,0.84688995215311,0.8493506493506493,0.8105413105413105
N000498,N001176,different,0.48155737704918034,0.511520737327189,0.3142174432497013
N001285,N003729,different,0.35195530726256985,0.3617886178861789,0.18496538081107813
N006173,N008196,different,0.5135699373695198,0.5384615384615384,0.2979683972911964
N008110,N009707,different,0.5593525179856115,0.5841392649903289,0.44953271028037384
N007193,N010619,different,0.5689655172413793,0.5839080459770115,0.4681344148319815
N000561,N003679,different,0.5950704225352113,0.6228571428571429,0.46077547339945896
N003026,N003027,same,0.7266187050359713,0.7361477572559367,0.6591928251121076
N004552,N004553,same,0.7908163265306123,0.8028985507246377,0.7706896551724138
N007647,N009169,different,0.5412474849094567,0.5479744136460555,0.4348279457768509
N005744,N010823,different,0.5224719101123596,0.5495867768595041,0.40130151843817785
N001880,N002772,different,0.3639344262295082,0.36925795053003535,0.17336683417085427
N003351,N006982,different,0.36044362292051757,0.36852589641434264,0.19314938154138916
N006591,N011935,different,0.5789473684210527,0.6141552511415526,0.39215686274509803
N008482,N010584,different,0.5267489711934157,0.5502283105022832,0.2983425414364641
N005814,N006544,different,0.3140495867768595,0.3226381461675579,0.14916666666666667
N006622,N006638,different,0.3469387755102041,0.35542168674698793,0.1539961013645224
N008603,N010598,different,0.3511326860841424,0.3621908127208481,0.18158783783783783
N000753,N000755,same,0.9514563106796117,0.9621621621621622,0.910948905109489
N006153,N009437,different,0.599601593625498,0.6203090507726269,0.4479283314669653
N002548,N010207,different,0.6382252559726962,0.6906614785992218,0.4894230769230769
N004026,N010431,different,0.47835051546391755,0.502283105022831,0.2935672514619883
N000339,N002440,different,0.4797136038186158,0.4869109947643979,0.27837837837837837
N000964,N008611,different,0.5545286506469501,0.5693581780538303,0.40084835630965004
N001833,N004195,different,0.570873786407767,0.5774946921443737,0.4336569579288026
N001282,N004950,different,0.30434782608695654,0.3044982698961938,0.1404541631623213
N000030,N009868,different,0.42917547568710357,0.4428904428904429,0.27065868263473053
N001010,N004708,different,0.5627450980392157,0.5873684210526315,0.45962732919254656
N000566,N008517,different,0.4086181277860327,0.42414355628058725,0.20808383233532934
N011092,N011095,same,0.777120315581854,0.7861771058315334,0.7396313364055299
N001983,N009014,different,0.4033412887828162,0.42133333333333334,0.2496513249651325
N005044,N005045,same,0.9574468085106383,0.9591836734693877,0.9336099585062241
N003201,N003203,same,0.995260663507109,0.9950124688279302,0.9875311720698254
N000238,N001915,different,0.526615969581749,0.5683297180043384,0.3425827107790822
N000461,N004754,different,0.5849889624724062,0.5995316159250585,0.4929078014184397
N000135,N010890,different,0.3160621761658031,0.31608133086876156,0.1490125673249551
N011414,N011759,different,0.4418604651162791,0.4475920679886686,0.2794561933534743
N003751,N007825,different,0.4319526627218935,0.4476650563607085,0.23037790697674418
N006774,N009531,different,0.6279683377308707,0.6317280453257791,0.5092307692307693
N000516,N006620,different,0.4,0.414,0.24798387096774194
N004325,N004949,different,0.43207126948775054,0.4508816120906801,0.29155313351498635
N000557,N004353,different,0.45217391304347826,0.46172248803827753,0.26881720430107525
N000286,N008208,different,0.592128801431127,0.6134615384615385,0.47058823529411764
N002691,N010535,different,0.5783582089552238,0.6,0.4871541501976285
N000490,N006570,different,0.5437956204379562,0.5587044534412956,0.3935091277890467
N005692,N009368,different,0.3246753246753247,0.328740157480315,0.14393939393939395
N006324,N006325,same,0.7254098360655737,0.7202643171806168,0.584717607973422
N004951,N011682,different,0.5861486486486487,0.6120527306967984,0.44548872180451127
N010982,N010985,same,0.6932773109243697,0.70509977827051,0.6651270207852193
N009834,N009835,same,0.683377308707124,0.7008797653958945,0.6202321724709784
N003500,N003501,same,0.7572383073496659,0.7692307692307693,0.7112068965517241
N010499,N011269,different,0.3054101221640489,0.29981378026070765,0.11885612153708669
N005257,N010502,different,0.332312404287902,0.3393739703459638,0.16793313069908813
N003920,N006487,different,0.36515513126491644,0.36363636363636365,0.20868347338935575
N011834,N011835,same,0.9476309226932669,0.9549295774647887,0.9015384615384615
N004364,N007454,different,0.3668639053254438,0.3758099352051836,0.21518987341772153
N004158,N008744,different,0.44849785407725323,0.45913461538461536,0.3058064516129032
N005771,N006045,different,0.28820116054158607,0.2865853658536585,0.13346814964610718
N001865,N011525,different,0.5298804780876494,0.5671981776765376,0.3340987370838117
N001362,N001363,same,0.3844660194174757,0.39789473684210525,0.26119402985074625
N009863,N009866,same,0.4357298474945534,0.45584725536992843,0.33291457286432163
N000175,N002508,different,0.5692307692307692,0.6105032822757112,0.3669527896995708
N006545,N006546,same,0.7704918032786885,0.7909090909090909,0.7339003645200486
N000215,N005986,different,0.5383104125736738,0.549792531120332,0.4275510204081633
N004433,N011613,different,0.3275316455696203,0.33562822719449226,0.1549067315490673
N000064,N010912,different,0.3072,0.3137931034482759,0.13688524590163934
N008572,N009975,different,0.44638949671772427,0.4606205250596659,0.2542579075425791
N000431,N001948,different,0.3205882352941177,0.3333333333333333,0.1771019677996422
N002598,N004139,different,0.45790554414784396,0.4636363636363636,0.28837209302325584
N007063,N007064,same,0.75764192139738,0.7669902912621359,0.7262723521320495
N008238,N008239,same,0.7440860215053764,0.7529976019184652,0.6742323097463284
N000518,N009485,different,0.26857142857142857,0.2697768762677485,0.1111111111111111
N003093,N003735,different,0.3380503144654088,0.3493975903614458,0.16029900332225913
N001977,N007620,different,0.34340222575516693,0.3493975903614458,0.16376582278481014
N009205,N009208,same,0.5804347826086956,0.5823665893271461,0.43202764976958524
N003317,N010218,different,0.39574468085106385,0.4,0.22966507177033493
N006112,N006266,different,0.3542009884678748,0.35650623885918004,0.17844827586206896
N003208,N003758,different,0.37942122186495175,0.389948006932409,0.19854132901134522
N008188,N008190,same,0.9898305084745763,0.9889705882352942,0.9741379310344828
N003051,N011987,different,0.33540372670807456,0.3400673400673401,0.16463909164639093
N001446,N004867,different,0.3519163763066202,0.36293436293436293,0.20428015564202334
N000895,N009304,different,0.5758196721311475,0.5900900900900901,0.44934445768772346
N000161,N010769,different,0.2706270627062706,0.27943760984182775,0.12344656172328086
N003327,N003328,same,0.7365384615384616,0.7338877338877339,0.6376963350785341
N008176,N010603,different,0.3382899628252788,0.34808853118712274,0.1697381183317168
N001633,N001634,same,0.396011396011396,0.4179566563467492,0.34275618374558303
N004001,N007546,different,0.6444444444444445,0.6470588235294118,0.518578352180937
N000937,N000938,same,0.6595238095238095,0.6556122448979592,0.538562091503268
N008048,N008050,same,0.9552631578947368,0.956268221574344,0.9420529801324503
N004328,N008917,different,0.41686746987951806,0.42063492063492064,0.26187050359712233
N004757,N008828,different,0.47544642857142855,0.5099502487562189,0.29345088161209065
N005397,N005398,same,0.46710526315789475,0.466824644549763,0.33210332103321033
N001291,N007292,different,0.4622823984526112,0.4766949152542373,0.29775880469583776
N007205,N007207,same,0.9945054945054945,1.0,1.0
N002229,N011361,different,0.5946601941747572,0.5922077922077922,0.4586255259467041
N005375,N005716,different,0.37425149700598803,0.3902439024390244,0.18991964937910885
N002758,N002818,different,0.4092920353982301,0.43564356435643564,0.26370757180156656
N009564,N011151,different,0.5957446808510638,0.6281138790035588,0.4735973597359736
N008487,N008488,same,0.9712643678160919,0.9743589743589743,0.941923774954628
N007856,N007858,same,0.7200956937799043,0.7351351351351352,0.6594090202177294
N000647,N001025,different,0.31629392971246006,0.31724137931034485,0.15683104284559418
N003489,N010336,different,0.46462264150943394,0.4725848563968668,0.2853146853146853
N000327,N009318,different,0.43237250554323725,0.44146341463414634,0.28067885117493474
N005431,N006150,different,0.36617405582922824,0.36925795053003535,0.18280467445742904
N002684,N004549,different,0.3456,0.34655172413793106,0.16597853014037986
N005744,N007062,different,0.2953020134228188,0.3041144901610018,0.14359861591695502
N004248,N011184,different,0.4572127139364303,0.46174863387978143,0.27116212338593976
N003020,N003021,same,0.5893223819301848,0.5934065934065934,0.4420131291028446
N000160,N003947,different,0.5610766045548654,0.594847775175644,0.35023041474654376
N006712,N008335,different,0.4650112866817156,0.48370927318295737,0.2918848167539267
N000843,N005365,different,0.44170771756978655,0.45765765765765765,0.25254237288135595
N011628,N011629,same,0.4200680272108844,0.43119266055045874,0.30604982206405695
N000026,N011332,different,0.6152416356877324,0.6349206349206349,0.48484848484848486
N003058,N009240,different,0.40749414519906324,0.41494845360824745,0.23481781376518218
N000396,N000397,same,0.5047438330170778,0.5092783505154639,0.35550935550935553
N006146,N006401,different,0.3682588597842835,0.3787878787878788,0.17834890965732086
N007004,N011967,different,0.43765281173594134,0.4602739726027397,0.28125
N002229,N002230,same,0.5070422535211268,0.54,0.4562874251497006
N002088,N011862,different,0.5090180360721442,0.5272331154684096,0.3612040133779264
N004709,N004711,same,0.9572649572649573,0.9585987261146497,0.9349904397705545
N001940,N002621,different,0.37116564417177916,0.38372093023255816,0.1897590361445783
N004803,N004804,same,0.9462025316455697,0.9432624113475178,0.8838174273858921
N003748,N011207,different,0.27533783783783783,0.27580071174377224,0.12813852813852813
N001623,N010411,different,0.32536764705882354,0.328740157480315,0.13133208255159476
N002821,N007053,different,0.5724907063197026,0.6033402922755741,0.4196242171189979
N001977,N006802,different,0.5787545787545788,0.6075697211155379,0.4876847290640394
N000993,N011320,different,0.5145413870246085,0.5578406169665809,0.3328912466843501
N008784,N011076,different,0.6462264150943396,0.6915077989601387,0.4890282131661442
N001137,N005072,different,0.3710247349823322,0.3657142857142857,0.21262766945218198
N007487,N007491,same,0.618925831202046,0.6060606060606061,0.4847161572052402
N002401,N005487,different,0.4382716049382716,0.47086247086247085,0.28554502369668244
N001101,N002086,different,0.3896296296296296,0.3974358974358974,0.20160116448326054
N004655,N010935,different,0.6202090592334495,0.6622137404580153,0.48878923766816146
N004085,N004086,same,0.9557739557739557,0.9649595687331537,0.9107142857142857
N003125,N003127,same,0.9838709677419355,0.9851632047477745,0.9419568822553898
N001101,N001666,different,0.36,0.37285223367697595,0.18373729476153244
N001141,N001142,same,0.3333333333333333,0.35883905013192613,0.2882882882882883
N006480,N008863,different,0.21908893709327548,0.22095671981776766,0.10968494749124855
N000817,N011666,different,0.614065180102916,0.6473988439306358,0.45966958211856174
N000219,N003185,different,0.4897119341563786,0.5103926096997691,0.288
N001988,N006863,different,0.3530571992110454,0.3622881355932203,0.18324607329842932
N009478,N009479,same,0.7551401869158878,0.7525562372188139,0.6434511434511434
N001784,N005288,different,0.34172661870503596,0.3449612403100775,0.16506717850287908
N001436,N002155,different,0.2889983579638752,0.2852112676056338,0.125
N006423,N011777,different,0.490234375,0.5176211453744494,0.2942453854505972
N006565,N006569,same,0.41472868217054265,0.43736730360934184,0.3311827956989247
N003427,N006396,different,0.5494791666666666,0.579250720461095,0.32994186046511625
N009745,N009848,different,0.5836120401337793,0.6120218579234973,0.4518647007805724
N002762,N002765,same,0.7386091127098321,0.7222222222222222,0.5979643765903307
N000065,N000124,different,0.37138263665594856,0.38153310104529614,0.19305331179321486
N001140,N008945,different,0.415014164305949,0.4310077519379845,0.23512747875354106
N002973,N002974,same,0.8028455284552846,0.803921568627451,0.7457627118644068
N006774,N006775,same,0.43613707165109034,0.45666666666666667,0.366412213740458
N011429,N011433,same,0.7346534653465346,0.717948717948718,0.6106194690265486
N009822,N009823,same,0.4344978165938865,0.4491725768321513,0.3337423312883436
N009371,N009372,same,0.7450592885375494,0.7330508474576272,0.6423118865866958
N001006,N009138,different,0.5024875621890548,0.5077720207253886,0.31901840490797545
N000723,N009281,different,0.33843797856049007,0.34724540901502504,0.16286388670338317
N000259,N003124,different,0.517578125,0.5460526315789473,0.3408845738942826
N002544,N002792,different,0.5984251968503937,0.6104166666666667,0.47106598984771575
N002931,N008664,different,0.49746192893401014,0.5026455026455027,0.3188854489164087
N000990,N002132,different,0.5767195767195767,0.5894941634241245,0.42281219272369713
N005946,N007449,different,0.40843023255813954,0.4315286624203822,0.20711743772241992
N004307,N010960,different,0.47380410022779046,0.506426735218509,0.29892761394101874
N005835,N008645,different,0.5604166666666667,0.5787139689578714,0.47165532879818595
N001422,N004687,different,0.5508021390374331,0.5524861878453039,0.36038961038961037
N007233,N007728,different,0.2955665024630542,0.303886925795053,0.13563605728727884
N009592,N009782,different,0.5336048879837068,0.5535307517084282,0.32721010332950634
N011533,N011534,same,0.6169354838709677,0.6313465783664459,0.5661057692307693
N005300,N005301,same,0.9639423076923077,0.9646464646464646,0.9464052287581699
N005855,N007938,different,0.45129224652087474,0.4703296703296703,0.2854006586169045
N007921,N007922,same,0.647450110864745,0.6506024096385542,0.5973509933774834
N001521,N006976,different,0.5079365079365079,0.5263157894736842,0.39087656529516995
N000725,N008406,different,0.5780445969125214,0.6065259117082533,0.4530493707647628
N004174,N006820,different,0.4951644100580271,0.5085470085470085,0.29381443298969073
N000607,N004665,different,0.48314606741573035,0.5,0.29846938775510207
N003228,N006079,different,0.4593406593406593,0.4827586206896552,0.2851662404092072
N010506,N010507,same,0.6518691588785047,0.6502463054187192,0.5467171717171717
N010699,N010700,same,0.6886075949367089,0.6997167138810199,0.6124401913875598
N001185,N004181,different,0.44299065420560746,0.4601226993865031,0.3230605738575983
N005027,N005028,same,0.9748427672955975,0.9795918367346939,0.935969868173258
N001758,N009092,different,0.4034229828850856,0.4175824175824176,0.2549019607843137
N002928,N003582,different,0.3225806451612903,0.3239669421487603,0.1422924901185771
N003050,N008741,different,0.5731462925851704,0.5965665236051502,0.4690451206715635
N004158,N011487,different,0.4272930648769575,0.4472361809045226,0.26745718050065875
N000139,N007621,different,0.41797752808988764,0.4292803970223325,0.25757575757575757
N007036,N007038,same,0.4222873900293255,0.44336569579288027,0.37623762376237624
N002201,N002648,different,0.45901639344262296,0.46952595936794583,0.2525366403607666
N000003,N000843,different,0.5690298507462687,0.5813492063492064,0.46393762183235865
N007190,N008966,different,0.47123893805309736,0.5037783375314862,0.3033854166666667
N010033,N010034,same,0.9855491329479769,0.9842767295597484,0.9686924493554327
N005989,N005990,same,0.7222222222222222,0.7039473684210527,0.5984251968503937
N002242,N004023,different,0.44547563805104406,0.4496124031007752,0.2623626373626374
N000443,N004578,different,0.28149300155520995,0.28907563025210087,0.12489991993594876
N005743,N005744,same,0.5432900432900433,0.5517241379310345,0.4154929577464789
N003903,N006662,different,0.34102141680395387,0.3427065026362039,0.16142735768903993
N011033,N011036,same,0.7044444444444444,0.7033492822966507,0.5677966101694916
N006643,N006644,same,0.48218029350104824,0.4863636363636364,0.3761904761904762
N003720,N006775,different,0.5161290322580645,0.5166666666666667,0.2948717948717949
N003418,N007053,different,0.4216666666666667,0.4490566037735849,0.26991565135895035
N003804,N005139,different,0.33270676691729323,0.33399602385685884,0.1645813282001925
N002540,N007668,different,0.32469775474956825,0.3234750462107209,0.15398075240594924
N008366,N008369,same,0.960919540229885,0.9620253164556962,0.925575101488498
N010742,N010743,same,0.6,0.6205128205128205,0.5694249649368864
N004746,N004760,different,0.5217391304347826,0.5467479674796748,0.3313840155945419
N007368,N009303,different,0.5393700787401575,0.5541125541125541,0.39912758996728465
N007396,N007397,same,0.9785276073619632,0.972972972972973,0.9329388560157791
N001143,N009969,different,0.4907749077490775,0.5112474437627812,0.35974304068522484
N002468,N002469,same,0.9702970297029703,0.9698630136986301,0.944794952681388
N007220,N011663,different,0.3938356164383562,0.4126679462571977,0.24881291547958215
N005926,N007181,different,0.45278969957081544,0.46987951807228917,0.27427184466019416
N003437,N005168,different,0.2536115569823435,0.26424870466321243,0.11976549413735343
N000355,N000372,different,0.3987635239567233,0.4120603015075377,0.20928402832415421
N010682,N010683,same,0.964622641509434,0.9659685863874345,0.9452449567723343
N004567,N008956,different,0.507399577167019,0.5174825174825175,0.31802120141342755
N008093,N008094,same,0.5187032418952618,0.5555555555555556,0.47540983606557374
N004447,N004449,same,0.4673202614379085,0.49454545454545457,0.4185022026431718
N001475,N004007,different,0.4011379800853485,0.4221183800623053,0.20694444444444443
N001138,N009030,different,0.3265993265993266,0.33273056057866185,0.16072980017376196
N004140,N010723,different,0.5669014084507042,0.6003976143141153,0.43592330978809285
N007477,N007828,different,0.5784499054820416,0.592741935483871,0.44045368620037806
N008284,N009896,different,0.44234800838574423,0.4595238095238095,0.2830423940149626
N006759,N008551,different,0.32748538011695905,0.33650793650793653,0.19786096256684493
N004856,N010634,different,0.5287769784172662,0.5478927203065134,0.41994510521500455
N003022,N010880,different,0.342911877394636,0.36134453781512604,0.1909282700421941
N001271,N001372,different,0.41189931350114417,0.41895261845386533,0.2612035851472471
N002952,N006725,different,0.5098814229249012,0.5365853658536586,0.3125
N009630,N010560,different,0.5195729537366548,0.5362035225048923,0.3807205452775073
N002342,N008733,different,0.2837209302325581,0.3023255813953488,0.1746905089408528
N002631,N007528,different,0.3407202216066482,0.3619631901840491,0.21016949152542372
N002957,N003701,different,0.36685288640595903,0.38271604938271603,0.22545846817691478
N011515,N011516,same,0.6282352941176471,0.6365914786967418,0.4918238993710692
N004013,N005436,different,0.3253588516746411,0.3270547945205479,0.1565008025682183
N010144,N010145,same,0.9803921568627451,0.9785714285714285,0.9626373626373627
N004509,N004511,same,0.7734375,0.7849462365591398,0.7231638418079096
N003868,N011674,different,0.46774193548387094,0.4856396866840731,0.31196581196581197
N008357,N009838,different,0.4396551724137931,0.4578313253012048,0.2577447335811648
N005241,N005242,same,0.9435736677115988,0.9522184300341296,0.903041825095057
N008230,N009234,different,0.3017656500802568,0.3055555555555556,0.13477537437603992
N000666,N000923,different,0.3479020979020979,0.34579439252336447,0.14273204903677758
N003267,N005780,different,0.43907563025210083,0.4511627906976744,0.2857142857142857
N001044,N001720,different,0.35669781931464173,0.36593591905564926,0.18072289156626506
N011522,N011523,same,0.7400468384074942,0.7539267015706806,0.6916548797736917
N009330,N010526,different,0.4946004319654428,0.513189448441247,0.315136476426799
N003319,N008808,different,0.5468085106382978,0.5519630484988453,0.43266832917705733
N006178,N006182,same,0.5456521739130434,0.550351288056206,0.4265402843601896
N002814,N005953,different,0.4025974025974026,0.41025641025641024,0.23053435114503817
N007615,N007616,same,0.7802874743326489,0.7981859410430839,0.7382953181272509
N007876,N007877,same,0.5714285714285714,0.55625,0.4793028322440087
N004729,N004730,same,0.679144385026738,0.7008797653958945,0.6140939597315436
N005862,N006116,different,0.6483333333333333,0.6886446886446886,0.5260416666666666
N000562,N005787,different,0.32123411978221417,0.3333333333333333,0.16443594646271512
N007575,N009140,different,0.2852112676056338,0.2943396226415094,0.12129380053908356
N011000,N011001,same,0.4319654427645788,0.45215311004784686,0.364
N006167,N009175,different,0.4405010438413361,0.4671361502347418,0.28484848484848485
N004662,N009916,different,0.3682373472949389,0.37030075187969924,0.1867145421903052
N010431,N010432,same,0.9398280802292264,0.953125,0.9065255731922398
N001509,N001510,same,0.7292490118577075,0.7264957264957265,0.6216790648246546
N000737,N002287,different,0.4524793388429752,0.45662100456621,0.2608200455580866
N001764,N001765,same,0.7060240963855422,0.7169811320754716,0.6438569206842923
N004877,N006275,different,0.5412667946257198,0.5757575757575758,0.34282700421940926
N002351,N006165,different,0.4738878143133462,0.47890295358649787,0.3484013230429989
N009140,N009547,different,0.5958549222797928,0.6261682242990654,0.4473007712082262
N007104,N007105,same,0.986013986013986,0.9848484848484849,0.9622222222222222
N000463,N000465,same,0.7764227642276422,0.7891156462585034,0.743979721166033
N001124,N011201,different,0.42244897959183675,0.4376417233560091,0.2706855791962175
N004151,N010614,different,0.6316872427983539,0.6741573033707865,0.5232815964523282
N003957,N007645,different,0.4678714859437751,0.48873873873873874,0.27702702702702703
N003941,N009735,different,0.3622291021671827,0.3728813559322034,0.1833466773418735
N000647,N008088,different,0.30124777183600715,0.29961832061068705,0.1307901907356948
N002017,N005475,different,0.637901861252115,0.6653992395437263,0.47141518275538896
N000323,N006510,different,0.49759615384615385,0.5173333333333333,0.31994459833795014
N008539,N008542,same,0.5446428571428571,0.5563549160671463,0.4188861985472155
N002578,N006004,different,0.5933852140077821,0.615866388308977,0.47835051546391755
N001918,N002086,different,0.42053445850914206,0.44272445820433437,0.22176591375770022
N002507,N002508,same,0.9560975609756097,0.9645776566757494,0.9409937888198758
N001934,N011090,different,0.5366300366300366,0.5515151515151515,0.3747474747474748
N004269,N011588,different,0.475,0.47668393782383417,0.2896341463414634
N005629,N006728,different,0.4005805515239477,0.4141732283464567,0.19898697539797394
N008009,N008010,same,0.5228215767634855,0.5247747747747747,0.4023529411764706
N009840,N009841,same,0.5186170212765957,0.5393586005830904,0.44537815126050423
